pr_number,priorities_number,author_identity,has_labels,mergable_state,has_assignees_content,is_weekday,comment_num,review_comment_num,commit_num,file_changed_num,total_add_line,total_delete_line,label_count,workload,pre_prs,change_num,accept_num,close_num,review_num,participants_count,title_words,body_words,has_bug,has_document,has_feature,has_improve,has_refactor
1,1,0,0,2,0,1,4,1,3,2,3,3,0,4,4,4,1,4,1,4,3,3,0,0,0,0,0
2,1,1,0,2,0,1,3,1,3,2,3,4,0,4,4,4,1,4,1,4,3,2,0,0,0,0,0
3,1,1,0,2,0,1,3,1,3,2,3,2,0,4,4,4,1,4,1,4,3,3,0,0,0,0,0
4,0,2,0,0,0,1,2,1,1,3,1,4,0,4,4,4,1,4,1,0,4,3,0,0,0,0,0
5,4,1,0,0,0,1,1,1,3,2,0,2,0,4,4,4,1,4,1,0,2,3,0,0,0,0,0
6,4,1,0,2,0,1,4,1,1,2,2,2,0,4,4,4,1,4,1,4,0,3,0,0,0,0,0
7,3,1,0,2,0,1,4,1,3,3,4,3,0,4,4,4,1,4,1,4,3,3,0,0,0,0,0
8,3,1,0,0,0,1,3,1,3,1,2,2,0,4,4,4,1,4,1,4,3,0,0,0,0,0,0
9,4,0,0,2,0,1,0,1,3,2,1,2,0,4,4,4,1,4,1,0,4,3,0,0,0,0,0
10,3,1,0,0,0,1,4,1,3,2,3,3,0,4,4,4,1,4,1,4,0,2,0,0,0,0,0
11,3,0,0,0,0,1,3,1,3,1,2,2,0,4,4,4,1,4,1,0,4,3,0,0,0,0,0
12,1,0,0,2,0,1,3,0,1,0,0,1,0,4,4,4,1,4,1,0,0,0,0,0,0,0,1
13,0,1,0,1,0,1,0,0,0,0,0,0,0,4,4,4,0,4,1,0,0,0,0,0,1,0,0
14,1,1,0,2,0,1,1,1,3,4,4,4,0,4,4,3,0,4,1,0,1,3,0,0,0,0,0
15,0,0,0,2,0,1,0,0,0,0,0,2,0,4,4,4,1,4,1,0,4,3,0,0,0,0,0
16,1,0,0,2,0,1,2,0,1,1,1,1,0,4,4,4,1,4,1,0,4,0,1,0,0,0,0
17,0,0,0,2,0,1,0,0,1,0,1,1,0,4,4,4,1,4,1,0,0,1,1,0,0,0,0
18,2,0,0,2,0,0,2,1,1,0,0,1,0,4,4,4,1,4,1,0,4,3,0,0,0,0,0
19,0,0,0,2,0,1,1,1,1,2,1,1,0,4,4,4,1,4,1,0,1,3,0,0,0,0,0
20,2,1,0,2,0,1,1,0,1,0,0,0,0,4,4,4,1,4,1,0,1,0,0,0,0,0,0
21,3,2,0,2,0,1,0,1,2,1,1,3,0,3,4,4,1,4,1,0,2,1,0,0,0,0,0
22,0,0,0,2,0,1,2,1,0,1,1,1,0,3,4,4,1,4,1,0,1,3,0,0,0,0,0
23,4,0,0,2,0,1,3,1,3,4,3,2,0,3,4,3,1,4,1,0,2,2,0,0,0,0,0
24,1,0,0,2,0,1,0,0,1,1,1,3,0,4,4,3,1,4,1,0,3,3,0,0,0,0,0
25,2,0,0,2,0,1,3,1,2,2,2,4,0,4,4,3,1,4,1,0,0,3,0,0,0,0,0
26,1,0,0,2,0,1,3,1,3,2,1,4,0,3,4,3,1,4,1,0,1,3,0,0,0,0,0
27,1,1,0,2,0,1,0,1,1,3,3,3,0,3,4,3,0,3,1,0,1,3,0,0,0,0,0
28,0,0,0,2,0,1,1,1,0,0,0,0,0,3,3,3,1,4,1,0,3,3,0,0,0,0,0
29,2,0,0,2,0,1,3,1,3,1,1,3,0,3,3,3,1,4,1,0,4,3,0,0,0,0,0
30,0,2,0,2,0,1,3,1,1,0,1,1,0,3,4,4,1,4,1,0,0,1,0,0,0,0,0
31,2,0,0,2,0,1,3,1,3,2,3,3,0,3,3,3,1,4,1,0,0,3,0,0,0,0,0
32,4,2,0,1,0,1,4,1,3,1,1,3,0,3,4,4,1,4,1,4,1,1,0,0,0,0,0
33,2,2,0,1,0,1,2,1,3,1,1,3,0,3,4,4,1,4,1,0,1,3,0,0,0,0,0
34,3,1,0,2,0,1,0,1,2,3,4,3,0,3,4,3,0,3,1,0,2,3,0,0,0,0,0
35,0,0,0,2,0,0,2,1,0,1,1,1,0,3,3,3,1,3,1,0,0,3,0,0,0,0,0
36,0,0,0,2,0,0,3,0,2,2,2,3,0,3,3,3,1,3,1,0,1,3,0,0,0,0,0
37,0,0,0,2,0,1,0,0,1,2,1,2,0,4,3,3,1,3,1,0,4,3,0,0,0,0,0
38,1,0,0,2,0,1,1,1,2,1,2,1,0,4,3,3,1,3,1,0,2,1,0,0,0,0,0
39,2,2,0,2,0,1,1,0,2,1,1,3,0,3,4,4,1,4,1,0,1,1,0,0,0,0,0
40,2,0,0,2,0,1,3,1,2,2,2,3,0,3,3,3,1,3,1,0,2,3,0,0,0,0,0
41,3,0,0,2,0,1,3,1,3,3,3,2,0,3,3,3,1,3,1,4,2,3,0,0,0,0,0
42,1,0,0,2,0,1,3,1,3,2,2,3,0,3,3,3,1,3,1,0,0,0,0,0,0,0,0
43,1,0,0,2,0,1,3,1,3,3,3,3,0,3,3,3,1,3,1,0,0,3,0,0,0,0,0
44,2,1,0,2,0,1,2,1,1,1,1,1,0,3,3,3,0,3,1,0,0,3,0,0,0,0,0
45,4,1,0,2,0,1,2,1,3,2,3,4,0,3,3,3,0,3,1,0,1,3,0,0,0,0,0
46,3,1,0,2,0,1,4,1,3,2,4,0,0,3,3,3,0,3,1,4,4,3,0,0,0,0,0
47,4,1,0,2,0,1,4,1,3,3,4,4,0,3,3,3,0,3,1,4,0,2,0,0,0,0,0
48,3,0,0,2,0,1,2,1,1,1,1,1,0,4,3,3,1,3,1,0,2,0,0,0,0,0,0
49,1,1,0,2,0,1,2,1,1,1,1,3,0,4,3,3,0,3,1,0,0,2,0,0,0,0,0
50,4,0,0,2,0,1,3,1,3,3,2,3,0,4,3,3,1,3,1,0,0,3,0,0,0,0,0
51,3,0,0,2,0,1,3,1,3,3,3,4,0,4,3,3,1,3,1,0,0,3,0,0,0,0,0
52,3,0,0,2,0,1,3,1,3,3,2,4,0,4,3,3,1,2,1,0,1,3,0,0,0,0,0
53,2,1,0,2,0,1,1,1,1,2,2,2,0,4,4,4,1,4,1,0,2,2,0,0,0,0,0
54,2,0,0,2,0,1,3,1,3,3,3,2,0,4,3,3,1,2,1,0,1,3,0,0,0,0,0
55,2,0,0,2,0,1,3,1,3,3,3,3,0,4,3,3,1,2,1,0,1,3,0,0,0,0,0
56,1,0,0,2,0,1,3,1,1,0,0,0,0,4,2,3,1,2,1,0,0,3,0,0,0,0,0
57,2,1,0,2,0,1,4,1,3,3,3,4,0,4,3,3,0,3,1,4,0,2,0,0,0,0,0
58,1,1,0,2,0,1,2,0,1,2,1,1,0,3,4,4,1,4,1,0,0,3,0,0,0,0,0
59,3,0,0,2,0,0,1,1,3,3,1,0,0,3,4,4,1,4,1,0,4,1,0,0,0,0,0
60,2,1,0,2,0,1,3,1,3,2,3,4,0,3,3,3,0,3,1,0,0,3,0,0,0,0,0
61,2,0,0,2,0,1,4,1,2,2,1,2,0,4,2,3,1,2,1,4,0,3,0,0,0,0,0
62,2,1,0,2,0,1,3,1,1,2,2,3,0,4,3,3,0,3,1,4,0,1,1,0,0,0,0
63,3,0,0,2,0,1,1,1,1,2,2,2,0,4,2,3,1,2,1,0,1,3,0,0,0,0,0
64,3,0,0,2,0,1,3,1,2,2,2,2,0,4,2,3,1,2,1,0,0,3,0,0,0,0,0
65,3,0,0,2,0,1,3,1,3,3,2,3,0,3,2,3,1,2,1,0,0,3,0,0,0,0,0
66,3,0,0,2,0,1,3,1,2,3,3,3,0,3,2,3,1,2,1,0,0,3,0,0,0,0,0
67,2,1,0,2,0,1,4,1,1,3,4,3,0,3,3,3,0,3,1,4,4,3,0,0,0,0,0
68,2,1,0,2,0,1,2,1,3,3,2,4,0,4,4,4,1,4,1,0,4,1,0,0,0,0,0
69,4,0,0,2,0,1,3,1,3,3,2,3,0,4,2,3,1,2,1,0,4,3,0,0,0,0,0
70,3,0,0,2,0,1,1,1,2,1,1,2,0,4,2,3,1,2,1,0,0,0,0,0,0,0,0
71,1,1,0,2,0,1,0,0,0,0,0,0,0,4,3,3,0,3,0,0,2,0,0,0,0,0,1
72,3,0,0,2,0,1,3,0,1,1,0,1,0,4,2,3,1,2,1,0,4,3,0,0,0,0,0
73,3,0,0,2,0,1,2,1,0,0,0,0,0,4,4,4,1,4,1,0,1,1,1,0,0,0,0
74,1,0,0,2,0,1,1,0,0,0,0,0,0,4,4,4,1,4,0,0,1,1,1,0,0,0,0
75,4,1,0,2,0,1,0,0,2,1,0,3,0,4,3,3,0,3,0,0,0,3,0,0,0,0,0
76,0,1,0,2,0,1,1,1,1,2,2,1,0,4,4,4,1,4,1,0,0,2,0,0,0,0,0
77,0,0,0,2,0,1,0,0,0,0,0,1,0,4,4,4,1,4,1,0,4,0,0,0,0,0,0
78,1,1,0,2,0,1,1,1,1,1,2,3,0,4,3,2,0,3,1,0,0,1,0,0,0,0,0
79,4,1,0,2,0,1,3,1,2,3,3,3,0,4,4,4,1,4,1,0,2,1,0,0,0,0,0
80,2,0,0,0,0,1,0,1,3,4,3,3,0,4,2,3,1,2,1,0,0,3,0,0,0,0,0
81,2,0,0,2,0,1,3,1,3,3,3,2,0,4,2,3,1,2,1,0,0,3,0,0,0,0,0
82,4,1,0,2,0,0,3,1,3,4,4,3,0,3,3,2,0,3,1,4,0,2,0,0,0,0,0
83,4,1,0,2,0,0,3,1,3,4,4,3,0,3,3,2,0,3,1,0,1,3,0,0,0,0,0
84,4,1,0,2,0,0,3,1,3,4,3,2,0,3,3,2,0,3,1,0,0,2,0,0,0,0,0
85,2,0,0,2,0,1,1,1,2,0,0,0,0,4,4,3,1,4,1,0,1,2,0,0,0,0,0
86,3,1,0,2,0,1,2,1,1,1,0,0,0,4,3,2,0,2,1,0,0,0,0,0,0,0,1
87,3,1,0,2,0,1,2,1,3,3,3,3,0,4,3,2,0,2,1,0,0,2,0,0,0,0,0
88,3,0,0,2,0,1,2,1,2,3,2,3,0,4,4,4,1,4,1,0,1,2,0,0,0,0,0
89,4,0,0,2,0,1,3,1,3,3,2,1,0,4,2,3,1,2,1,0,0,3,0,0,0,0,0
90,4,1,0,2,0,1,4,1,0,0,0,0,0,4,2,2,0,2,1,4,4,3,0,0,0,0,0
91,1,1,0,2,0,1,0,0,0,2,1,1,0,4,2,2,0,2,0,0,1,3,0,0,0,0,0
92,1,1,0,2,0,1,1,1,2,2,2,4,0,4,2,2,0,2,1,0,0,2,0,0,0,0,0
93,2,0,0,2,0,1,3,1,2,3,2,2,0,4,2,3,1,2,1,0,2,3,0,0,0,0,0
94,2,0,0,2,0,1,3,0,3,1,1,2,0,4,2,3,1,2,1,0,1,3,0,0,0,0,0
95,3,0,0,2,0,1,3,1,3,3,2,4,0,4,2,3,1,2,1,0,0,3,0,0,0,0,0
96,1,0,0,2,0,1,1,0,1,2,2,2,0,3,2,3,1,2,1,0,3,3,0,0,0,0,0
97,3,1,0,2,0,1,2,1,3,4,2,1,0,4,2,2,0,2,1,0,2,3,0,0,0,0,0
98,1,1,0,2,0,1,0,0,0,0,0,0,0,4,2,2,0,2,0,0,1,3,0,0,0,0,0
99,0,1,0,2,0,1,0,0,0,1,2,1,0,4,4,4,1,4,1,0,3,0,0,0,0,0,0
100,4,0,0,2,0,1,3,1,3,1,0,1,0,3,2,3,1,2,1,0,0,3,0,0,0,0,0
101,2,1,0,2,0,1,2,0,1,3,1,3,0,3,2,2,0,2,0,0,0,3,0,0,0,0,0
102,0,1,0,2,0,0,1,1,2,2,1,1,0,3,4,4,1,4,1,0,1,1,0,0,0,0,0
103,3,1,0,2,0,0,2,0,1,2,1,3,0,3,4,4,1,4,1,0,0,2,0,0,0,0,0
104,4,0,0,2,0,1,3,1,2,2,1,4,0,3,4,4,1,4,1,4,1,3,0,0,0,0,0
105,1,0,0,2,0,1,0,0,0,2,1,4,0,3,4,4,1,4,1,0,1,1,0,0,0,0,0
106,1,1,0,2,0,1,3,1,3,2,2,2,0,4,2,2,0,2,1,0,1,3,0,0,0,0,0
107,0,0,0,2,0,1,0,0,0,1,1,1,0,4,2,3,1,2,0,0,0,3,0,0,0,0,0
108,1,1,0,2,0,1,2,1,2,3,3,3,0,3,4,4,1,4,1,0,2,3,0,0,0,0,0
109,2,1,0,2,0,1,2,1,3,3,2,2,0,3,2,2,0,2,1,0,3,2,0,0,0,0,0
110,2,0,0,2,0,1,2,1,2,2,2,2,0,3,4,4,1,4,1,0,1,1,0,0,0,0,0
111,2,1,0,2,0,1,0,1,1,0,0,0,0,3,2,2,0,2,1,0,0,2,0,0,0,0,0
112,2,1,0,2,0,1,2,1,2,2,2,3,0,4,4,4,1,4,1,0,1,1,0,0,0,0,0
113,1,1,0,2,0,1,0,1,0,0,0,0,0,3,2,2,0,2,1,0,1,0,0,0,0,0,0
114,2,1,0,2,0,1,2,1,3,3,3,4,0,3,2,1,0,2,1,0,1,3,0,0,0,0,0
115,1,0,0,2,0,1,1,0,0,0,0,0,0,4,2,3,1,2,0,0,1,0,0,0,1,0,0
116,1,1,0,2,0,1,0,1,0,1,0,1,0,4,2,1,0,2,1,0,2,3,0,0,0,0,0
117,4,1,0,2,0,1,3,1,3,4,4,4,0,3,2,1,0,2,1,0,0,3,0,0,0,0,0
118,2,1,0,2,0,1,0,1,1,1,0,2,0,3,2,1,0,2,1,0,3,3,0,0,0,0,0
119,2,1,0,2,0,0,1,1,0,1,1,1,0,3,2,1,0,2,0,0,0,3,0,0,0,0,0
120,4,1,0,2,0,1,2,1,3,3,3,3,0,3,2,1,0,2,1,0,1,3,0,0,0,0,0
121,4,1,0,2,0,1,2,1,3,3,3,4,0,3,2,1,0,2,1,0,0,2,0,0,0,0,0
122,4,0,0,2,0,1,2,1,1,4,3,3,0,3,4,4,1,4,1,0,1,2,0,0,0,0,0
123,3,1,0,2,0,1,2,1,2,1,1,1,0,3,2,1,0,2,1,0,0,2,0,0,0,0,0
124,0,1,0,2,0,1,1,0,0,1,0,0,0,4,3,4,1,3,1,0,3,2,0,0,0,0,0
125,0,1,0,2,0,1,0,1,0,0,0,0,0,4,3,3,1,3,1,0,4,3,0,0,0,0,0
126,0,0,0,2,0,1,2,1,0,0,0,1,0,4,4,4,1,4,1,0,4,0,0,0,0,0,0
127,4,1,0,2,0,1,2,1,3,4,4,2,0,4,2,1,0,2,1,0,2,1,0,0,0,0,0
128,1,0,0,2,0,0,0,1,1,4,3,3,0,4,2,2,1,2,1,0,1,3,0,0,0,0,0
129,4,1,0,2,0,1,4,1,1,1,1,2,0,4,2,1,0,2,1,4,0,3,0,0,0,0,0
130,3,2,0,2,0,1,3,1,3,4,4,3,0,4,4,4,1,4,1,0,0,3,0,0,0,0,0
131,3,2,0,2,0,1,3,1,1,2,4,3,0,4,4,4,1,4,1,0,2,2,0,0,0,0,0
132,1,0,0,2,0,1,2,1,0,2,1,3,0,4,4,3,1,4,1,0,2,0,0,0,0,0,0
133,1,1,0,2,0,1,0,1,0,0,0,0,0,4,2,1,0,2,1,0,1,0,0,0,0,1,0
134,1,1,0,2,0,1,2,1,2,2,3,2,0,4,3,3,1,3,1,0,1,2,0,0,0,0,0
135,1,0,0,2,0,1,2,1,3,2,1,2,0,3,2,2,1,2,1,0,3,3,0,0,0,0,0
136,0,0,0,2,0,1,0,0,1,0,0,1,0,4,4,3,1,3,0,0,4,0,0,0,0,0,0
137,2,1,0,2,0,1,3,1,3,2,1,2,0,4,3,3,1,3,1,0,2,3,0,0,0,0,0
138,1,0,0,2,0,0,1,0,1,0,0,1,0,4,2,2,1,2,0,0,0,3,0,0,0,0,0
139,3,1,0,2,0,0,3,1,3,4,4,3,0,4,2,1,0,2,1,0,2,0,1,0,0,0,0
140,3,1,0,2,0,0,2,1,3,4,4,3,0,3,2,1,0,2,1,0,1,3,0,0,0,0,0
141,3,1,0,2,0,1,2,1,3,2,3,2,0,4,3,3,1,3,1,0,4,3,0,0,0,0,0
142,3,0,0,2,0,1,1,1,2,4,4,4,0,4,4,4,1,4,1,0,0,1,0,0,0,0,0
143,2,1,0,2,0,1,3,1,2,1,1,0,0,4,3,3,1,3,1,0,2,2,0,0,0,0,0
144,2,1,0,2,0,1,1,1,1,4,3,2,0,4,3,3,1,3,1,0,3,3,0,0,0,0,0
145,0,0,0,2,0,1,1,0,1,2,1,2,0,4,2,2,1,2,0,0,0,3,0,0,0,0,0
146,4,1,0,2,0,1,1,1,3,4,4,3,0,4,2,1,0,1,1,0,1,3,0,0,0,0,0
147,2,1,0,2,0,1,3,1,2,4,4,2,0,3,1,1,0,1,1,0,0,2,0,0,0,0,0
148,2,0,0,2,0,1,2,1,3,4,4,4,0,4,2,2,1,2,1,0,4,3,0,0,0,0,0
149,4,0,0,2,0,1,3,1,3,4,4,4,0,3,4,4,1,4,1,4,4,2,0,0,0,0,0
150,4,1,0,2,0,1,3,1,3,3,4,3,0,3,1,1,0,1,1,4,1,1,0,0,0,0,0
151,4,1,0,2,0,0,3,1,3,4,4,4,0,3,3,3,1,3,1,0,1,3,0,0,0,0,0
152,1,1,0,2,0,0,2,1,2,3,4,3,0,4,1,1,0,1,1,0,1,3,0,0,0,0,0
153,4,0,0,2,0,1,3,1,1,4,1,4,0,4,4,4,1,4,1,0,4,1,0,0,0,0,0
154,0,2,0,2,0,1,0,1,1,1,1,4,0,4,4,4,1,4,1,0,4,1,0,0,0,0,0
155,1,1,0,2,0,1,0,0,1,3,1,2,0,4,1,1,0,1,0,0,4,3,0,0,0,0,0
156,1,0,0,0,0,1,0,0,0,1,1,1,0,4,4,3,1,3,0,0,4,2,0,1,0,0,0
157,2,0,0,2,0,1,1,0,0,4,4,4,0,4,4,3,1,3,0,0,4,2,0,1,0,0,0
158,2,1,0,2,0,1,1,1,1,3,4,3,0,4,3,3,1,3,1,0,0,3,0,0,0,0,0
159,2,1,0,2,0,1,3,1,2,4,4,4,0,3,3,3,1,3,1,0,1,3,0,0,0,0,0
160,1,0,0,2,0,1,1,1,2,4,1,3,0,3,4,4,1,4,1,0,4,1,0,0,0,0,0
161,1,0,0,2,0,1,0,0,0,3,1,2,0,3,3,3,1,3,0,0,1,0,0,0,0,0,0
162,1,1,0,2,0,1,3,1,3,2,2,2,0,3,3,3,1,3,1,0,1,3,0,0,0,0,0
163,1,1,0,2,0,1,1,0,1,3,3,4,0,3,1,1,0,1,0,0,4,3,0,0,0,0,0
164,2,1,0,2,0,0,3,1,3,3,2,4,0,3,1,1,0,1,1,0,1,1,1,0,0,0,0
165,2,1,0,0,0,0,1,1,3,4,4,4,0,3,1,1,0,1,1,0,4,3,0,0,0,0,0
166,2,1,0,0,0,0,3,1,3,1,2,4,0,2,1,1,0,1,1,0,1,2,0,0,0,0,0
167,2,1,0,0,0,0,3,1,2,1,2,2,0,2,1,1,0,1,1,0,4,1,0,0,0,0,0
168,2,1,0,0,0,0,3,1,1,1,0,2,0,2,1,1,0,1,1,0,4,1,0,0,0,0,0
169,1,2,0,2,0,0,2,1,3,4,2,1,0,2,4,4,1,4,1,0,1,1,0,0,0,0,0
170,2,1,0,0,0,0,3,1,1,0,0,1,0,2,1,1,0,1,1,0,3,1,0,0,0,0,0
171,2,1,0,2,0,1,0,1,1,0,0,0,0,2,1,1,0,1,1,0,1,1,0,0,0,0,0
172,3,1,0,2,0,1,2,1,1,1,0,0,0,2,1,1,0,1,1,0,3,1,0,0,0,0,0
173,2,0,0,2,0,1,3,1,3,4,3,2,0,2,4,4,1,4,1,0,1,1,0,0,0,0,0
174,4,0,0,2,0,1,3,1,3,4,4,2,0,2,4,4,1,4,1,0,0,3,0,0,0,0,0
175,4,1,0,2,0,1,4,1,3,2,3,2,0,3,1,1,0,1,1,4,2,3,0,0,0,0,0
176,4,0,0,2,0,1,2,1,0,0,0,1,0,3,4,3,1,4,1,0,0,0,0,0,0,0,0
177,2,2,0,2,0,0,2,1,3,4,2,1,0,3,4,4,1,4,1,0,3,1,0,0,0,0,0
178,1,1,0,2,0,0,0,1,2,0,0,0,0,4,1,1,0,1,0,0,0,0,0,0,1,1,0
179,0,0,0,2,0,0,0,0,0,0,0,1,0,4,1,2,1,1,0,0,3,0,0,0,0,0,0
180,2,0,0,2,0,0,1,0,2,4,3,3,0,4,3,3,1,3,0,0,1,2,0,0,0,0,0
181,0,1,0,2,0,1,0,0,1,1,0,1,0,4,1,1,0,1,0,0,4,1,0,0,0,1,0
182,4,2,0,2,0,1,3,1,3,4,4,3,0,4,4,4,1,4,1,0,4,3,0,0,0,0,0
183,3,2,0,2,0,1,4,1,1,3,2,2,0,4,4,4,1,4,1,0,4,3,0,0,0,0,0
184,3,0,0,2,0,1,2,1,3,2,2,3,0,4,1,2,1,1,1,0,0,3,0,0,0,0,0
185,3,1,0,2,0,1,3,1,3,2,3,2,0,3,1,1,0,1,1,0,2,0,1,0,0,0,0
186,4,1,0,2,0,1,3,1,3,3,2,2,0,3,3,3,1,3,1,0,1,3,0,0,0,0,0
187,3,1,0,2,0,1,2,1,3,1,1,1,0,3,1,1,0,1,1,0,1,3,0,0,0,0,0
188,3,1,0,2,0,1,3,1,3,2,4,1,0,3,1,1,0,1,1,0,0,0,0,0,0,0,0
189,4,0,0,2,0,1,1,1,2,2,2,2,0,3,1,2,1,1,1,0,0,3,0,0,0,0,0
190,4,0,0,2,0,1,3,1,3,4,4,4,0,3,4,4,1,4,1,0,2,3,0,0,0,0,0
191,3,1,0,2,0,1,3,1,3,3,1,2,0,3,3,3,1,3,1,0,1,3,0,0,0,0,0
192,0,0,0,2,0,1,0,0,0,0,0,0,0,3,4,3,1,4,0,0,2,0,1,0,0,1,1
193,4,0,0,2,0,1,3,0,1,1,0,2,0,3,1,2,1,1,0,0,0,3,0,0,0,0,0
194,4,2,0,0,0,1,3,1,3,4,4,4,0,3,4,4,1,4,1,0,3,0,0,0,0,0,0
195,4,1,0,0,0,1,4,1,3,4,4,4,0,4,1,1,0,1,1,4,2,3,0,0,0,0,0
196,4,1,0,0,0,1,3,1,3,4,4,4,0,4,1,1,0,1,1,4,2,3,0,0,0,0,0
197,4,1,0,0,0,1,3,1,3,4,4,4,0,4,1,1,0,1,1,0,2,1,0,0,0,0,0
198,3,1,0,2,0,1,2,1,3,3,4,3,0,4,1,1,0,1,1,0,4,1,0,0,0,0,0
199,4,1,0,2,0,0,2,1,3,4,3,4,0,4,1,1,0,1,1,0,1,3,0,0,0,0,0
200,0,2,0,2,0,1,0,0,1,1,0,4,0,4,4,4,1,4,1,0,1,0,0,0,0,1,0
201,1,2,0,2,0,1,1,1,0,0,0,0,0,4,4,4,1,4,1,0,2,1,0,0,0,0,0
202,1,1,0,2,0,1,3,1,1,2,1,1,0,4,3,3,1,2,1,0,4,3,0,0,0,0,0
203,2,0,0,2,0,0,1,1,3,0,0,0,0,4,1,2,1,1,1,0,3,2,0,0,0,0,0
204,3,1,0,1,0,0,2,1,3,2,2,1,0,3,1,1,0,1,1,0,1,1,0,0,0,0,0
205,1,1,0,2,0,1,3,1,3,1,1,1,0,4,3,3,1,2,1,0,3,3,0,0,0,0,0
206,1,2,0,2,0,1,0,1,0,0,0,0,0,3,4,2,1,4,1,0,0,3,0,0,0,0,0
207,0,0,0,2,0,1,1,1,2,0,0,0,0,3,1,2,1,1,1,0,3,1,0,0,0,0,0
208,0,0,0,2,0,1,0,1,1,2,1,1,0,3,3,3,1,3,1,0,2,2,0,0,0,0,0
209,2,1,0,2,0,1,2,1,3,1,2,1,0,3,1,1,0,1,1,0,2,0,1,0,0,1,0
210,3,1,0,2,0,1,1,1,1,0,0,0,0,3,1,1,0,1,1,0,0,0,0,0,0,1,0
211,3,1,0,2,0,0,3,1,3,3,3,2,0,3,1,1,0,1,1,0,2,2,0,0,0,0,0
212,2,1,0,2,0,1,3,1,3,4,4,4,0,3,3,3,1,2,1,0,2,3,0,0,0,0,0
213,3,1,0,2,0,1,3,1,3,0,0,0,0,3,1,1,0,1,1,0,2,0,0,0,0,0,1
214,4,2,0,2,0,1,1,1,0,0,0,1,0,3,4,2,1,4,1,0,0,1,0,0,0,0,0
215,1,1,0,2,0,1,1,1,3,3,4,3,0,3,3,3,1,2,1,0,4,3,0,0,0,0,0
216,0,2,0,2,0,1,0,0,0,0,0,0,0,3,4,2,1,4,1,0,2,1,0,0,0,0,0
217,2,1,0,2,0,1,1,1,1,0,2,1,0,3,1,1,0,1,1,0,2,2,0,0,0,0,0
218,4,2,0,2,0,1,4,1,0,0,0,1,0,3,4,2,1,4,1,4,0,0,0,0,0,0,0
219,3,2,0,0,0,1,3,1,3,4,4,4,0,3,4,2,1,3,1,0,4,0,0,0,0,0,0
220,3,2,0,0,0,1,3,1,3,4,3,3,0,3,4,2,1,3,1,0,4,1,0,0,0,0,0
221,1,1,0,2,0,1,1,0,0,0,0,0,0,3,2,3,1,2,0,0,2,3,0,0,0,0,0
222,1,0,0,2,0,0,3,1,1,3,3,3,0,3,4,4,1,4,1,0,0,2,0,0,0,0,0
223,3,0,0,2,0,0,3,1,3,4,4,3,0,3,4,4,1,4,1,0,1,2,0,0,0,0,0
224,1,1,0,2,0,1,3,1,0,3,2,1,0,3,2,3,1,2,0,0,3,2,0,0,0,0,1
225,3,1,0,2,0,1,3,1,2,0,0,0,0,3,1,1,0,1,1,0,0,2,0,0,0,0,0
226,4,1,0,2,0,1,3,1,2,3,3,4,0,3,2,3,1,2,1,0,1,1,0,0,0,0,0
227,2,0,0,2,0,1,3,1,3,2,2,3,0,3,1,2,1,1,1,0,0,3,0,0,0,0,0
228,1,1,0,2,0,1,1,0,0,2,0,1,0,3,2,3,1,2,0,0,4,3,0,0,0,0,0
229,2,0,0,2,0,1,2,1,0,0,0,0,0,2,1,2,1,1,1,0,0,0,0,0,1,0,0
230,3,1,0,2,0,0,2,1,3,4,4,3,0,3,1,1,0,1,1,0,0,3,0,0,0,0,0
231,0,0,0,2,0,0,0,0,0,0,0,0,0,3,4,3,1,4,0,0,2,0,0,0,1,0,0
232,1,0,0,2,0,1,0,0,0,0,0,0,0,3,1,2,1,1,0,0,0,0,0,0,1,0,0
233,3,2,0,2,0,1,2,1,3,1,1,1,0,3,3,2,1,3,1,0,2,3,0,0,0,0,0
234,3,0,0,2,0,1,2,1,2,3,4,4,0,3,1,2,1,1,1,0,4,3,0,0,0,0,0
235,0,1,0,2,0,1,0,1,1,0,1,0,0,3,1,1,0,1,0,0,1,3,0,0,0,0,0
236,3,2,0,2,0,1,1,1,0,0,0,0,0,3,3,2,1,3,1,0,2,2,0,0,0,0,0
237,2,2,0,2,0,1,3,1,3,2,2,2,0,4,3,2,1,3,1,0,1,1,0,0,0,0,0
238,1,2,0,2,0,1,1,1,1,3,3,3,0,3,3,2,1,3,1,0,1,2,0,0,0,0,0
239,2,2,0,2,0,1,3,1,3,4,4,4,0,3,3,2,1,3,1,0,0,1,0,0,0,0,0
240,4,0,0,2,0,1,4,1,3,4,4,3,0,3,4,4,1,4,1,4,1,0,0,0,0,0,0
241,2,0,0,0,0,1,2,1,3,4,4,3,0,3,4,4,1,4,1,0,3,1,0,0,0,0,0
242,1,0,0,2,0,1,2,1,3,4,4,3,0,3,4,4,1,4,1,0,1,0,0,0,0,0,0
243,2,2,0,2,0,1,3,1,3,1,2,2,0,3,3,2,1,3,1,0,1,2,0,0,0,0,0
244,2,0,0,2,0,1,4,1,3,1,4,0,0,3,4,4,1,4,1,4,1,2,0,0,0,0,0
245,4,1,0,2,0,0,2,1,3,4,4,4,0,3,1,1,0,1,1,0,0,2,0,0,0,0,0
246,0,0,0,2,0,0,2,1,3,3,2,4,0,2,4,4,1,4,1,0,0,0,0,0,0,0,0
247,1,0,0,2,0,1,0,0,0,0,0,0,0,3,1,2,1,1,0,0,3,3,0,0,0,0,0
248,3,1,0,2,0,1,3,1,3,4,4,4,0,3,2,3,1,2,1,0,4,3,0,0,0,0,0
249,1,0,0,2,0,1,2,1,3,4,4,4,0,3,4,4,1,4,1,0,3,0,1,0,0,0,0
250,0,1,0,2,0,1,1,1,3,2,2,2,0,3,1,1,0,1,1,0,1,3,0,0,0,0,0
251,0,0,0,2,0,1,1,0,0,1,0,3,0,3,3,3,1,3,0,0,3,0,0,1,0,1,0
252,3,1,0,2,0,1,3,1,2,2,1,3,0,3,2,3,1,2,1,0,1,3,0,0,0,0,0
253,3,0,0,0,0,1,2,1,3,4,4,1,0,2,4,4,1,4,1,0,4,1,0,0,0,0,0
254,0,0,0,2,0,1,2,1,1,3,2,1,0,2,3,3,1,3,1,0,0,3,0,0,0,0,0
255,4,1,0,2,0,1,1,1,2,1,2,1,0,2,2,3,1,2,1,0,0,1,0,0,0,0,0
256,4,0,0,2,0,1,4,1,1,2,1,1,0,2,4,4,1,4,1,4,4,2,0,0,0,0,0
257,4,0,0,2,0,1,4,1,1,2,1,1,0,2,4,4,1,4,1,4,3,2,0,0,0,0,0
258,1,0,0,2,0,1,4,1,1,2,1,1,0,2,4,4,1,4,1,4,3,0,0,0,0,0,0
259,3,1,0,2,0,1,3,1,2,4,4,4,0,2,2,3,1,2,1,0,0,3,0,0,0,0,0
260,4,0,0,2,0,1,3,1,0,0,0,0,0,2,3,3,1,3,1,4,0,0,0,0,0,0,0
261,0,0,0,2,0,1,3,1,3,2,2,2,0,2,4,4,1,4,1,0,1,3,0,0,0,0,0
262,1,0,0,2,0,1,0,1,0,0,0,0,0,2,3,3,1,3,1,0,0,0,0,0,0,0,0
263,1,0,0,2,0,1,1,1,2,4,3,4,0,2,3,3,1,3,0,0,4,0,0,0,0,0,0
264,2,0,0,0,0,1,3,1,3,3,4,0,0,2,4,4,1,4,1,0,4,2,0,0,0,0,0
265,2,1,0,2,0,1,3,1,3,2,2,1,0,2,2,3,1,2,1,0,2,1,0,0,0,0,0
266,1,2,0,2,0,1,4,1,3,4,4,3,0,2,4,4,1,4,1,4,2,1,0,0,0,0,0
267,0,0,0,0,0,0,2,1,3,4,4,3,0,2,4,4,1,4,1,0,1,0,0,0,0,0,0
268,0,0,0,2,0,1,1,0,0,0,0,2,0,2,1,2,1,1,0,0,4,3,0,0,0,0,0
269,2,0,0,2,0,1,3,1,2,1,1,1,0,2,4,4,1,4,1,0,3,0,0,0,0,0,0
270,4,1,0,2,0,1,3,1,3,4,4,4,0,2,2,3,1,2,1,0,1,3,0,0,0,0,0
271,4,1,0,2,0,1,1,1,2,1,1,1,0,2,1,1,0,1,1,0,3,3,0,0,0,0,0
272,2,1,0,2,0,1,3,1,1,2,2,3,0,3,2,3,1,2,1,0,0,2,0,0,0,0,0
273,0,2,0,2,0,0,0,0,0,0,0,0,0,3,3,2,1,3,1,0,1,3,0,0,0,0,0
274,3,1,0,2,0,0,2,1,1,1,2,1,0,3,1,1,0,1,1,0,0,2,0,0,0,0,0
275,1,0,0,2,0,1,2,1,3,1,0,4,0,3,4,4,1,4,1,0,3,0,0,1,0,0,0
276,3,0,0,2,0,1,2,1,3,3,3,3,0,3,4,4,1,4,1,0,1,0,0,0,0,0,0
277,3,1,0,2,0,1,3,1,1,1,1,2,0,3,1,1,0,1,0,0,1,2,0,0,0,0,0
278,3,2,0,2,0,1,3,1,1,2,4,2,0,3,4,4,1,4,1,0,3,0,0,0,0,0,0
279,4,1,0,2,0,1,4,1,3,2,2,2,0,3,1,1,0,1,1,4,1,2,0,0,0,0,0
280,1,2,0,2,0,1,0,0,0,0,0,3,0,3,3,1,1,3,1,0,0,3,0,0,0,0,0
281,4,1,0,2,0,1,3,1,2,2,3,3,0,3,1,1,0,1,1,0,0,3,0,0,0,0,0
282,3,0,0,2,0,1,3,1,3,1,2,2,0,3,3,3,1,3,1,4,0,0,0,0,0,0,0
283,3,0,0,2,0,1,3,1,2,1,1,3,0,3,3,3,1,3,1,4,4,0,0,0,0,0,0
284,2,1,0,2,0,1,3,1,3,1,4,4,0,3,1,1,0,1,1,0,4,3,0,0,0,0,0
285,2,0,0,2,0,1,2,1,1,1,1,3,0,3,3,3,1,3,0,0,4,0,0,0,0,0,0
286,1,0,0,2,0,1,0,0,0,1,1,1,0,3,3,2,1,3,0,0,0,0,0,0,0,0,0
287,4,1,0,2,0,1,4,1,3,3,2,3,0,2,1,1,0,1,1,4,0,2,0,0,0,0,0
288,1,0,0,2,0,1,2,1,0,0,0,0,0,2,1,1,1,1,1,0,1,0,1,0,0,0,0
289,2,1,0,2,0,1,1,0,1,2,2,1,0,2,2,3,1,2,0,0,1,3,0,0,0,0,0
290,3,1,0,2,0,0,0,1,1,0,0,0,0,2,1,1,0,1,0,0,3,2,0,0,0,0,0
291,4,2,0,0,0,1,3,1,3,4,4,4,0,2,3,1,1,3,1,0,3,0,0,0,0,0,0
292,4,1,0,2,0,1,3,1,3,3,3,2,0,2,2,3,1,2,1,0,1,3,0,0,0,0,0
293,3,1,0,2,0,1,4,1,3,2,4,3,0,2,2,3,1,2,1,4,3,3,0,0,0,0,0
294,3,1,0,2,0,1,1,1,1,0,0,1,0,2,1,1,0,1,1,0,2,3,0,0,0,0,0
295,3,1,0,2,0,1,2,0,0,0,1,0,0,3,1,1,0,1,0,0,1,0,0,1,0,0,0
296,3,1,0,2,0,1,3,1,2,3,3,2,0,3,2,3,1,2,1,0,0,3,0,0,0,0,0
297,4,1,0,2,0,1,1,1,2,3,1,4,0,3,1,1,0,1,1,0,2,2,0,0,0,0,0
298,4,1,0,2,0,1,2,1,2,1,2,2,0,2,1,1,0,1,1,0,1,1,0,0,0,0,0
299,3,0,0,2,0,1,2,1,3,3,2,3,0,3,1,1,1,1,1,0,0,3,0,0,0,0,0
300,2,1,0,2,0,0,2,1,3,3,3,4,0,3,1,1,0,1,0,0,0,2,0,0,0,0,0
301,0,0,0,2,0,1,0,1,3,2,1,3,0,3,3,4,1,3,1,0,3,0,0,0,0,0,0
302,2,0,0,2,0,1,3,1,3,1,3,2,0,3,3,4,1,3,1,0,0,0,0,0,0,0,0
303,1,1,0,2,0,1,1,0,1,1,1,2,0,3,2,3,1,2,0,0,4,3,0,0,0,0,0
304,3,1,0,2,0,1,3,1,3,4,4,4,0,3,2,3,1,2,1,0,2,3,0,0,0,0,0
305,2,0,0,2,0,1,2,1,3,4,3,3,0,3,3,4,1,3,1,0,1,0,0,0,0,0,0
306,4,1,0,2,0,1,2,1,2,0,0,0,0,2,1,1,0,0,1,0,2,2,0,0,0,0,0
307,0,0,0,2,0,1,1,1,1,3,3,3,0,3,4,4,1,4,1,0,1,1,0,0,0,0,0
308,1,0,0,2,0,1,0,1,1,0,0,4,0,3,4,4,1,4,1,0,2,0,0,0,0,0,0
309,0,0,0,2,0,1,2,1,2,1,2,2,0,2,4,4,1,4,1,0,0,1,0,0,0,0,0
310,4,0,0,2,0,1,3,1,3,4,4,3,0,2,4,4,1,4,1,0,0,3,0,0,0,0,0
311,0,2,0,2,0,1,0,0,0,0,0,0,0,2,3,1,1,3,1,0,4,0,0,0,0,0,0
312,2,1,0,2,0,1,0,1,3,1,0,0,0,2,0,0,0,0,0,0,1,3,0,0,0,0,0
313,2,0,0,2,0,1,1,1,3,3,3,3,0,2,3,4,1,3,1,0,1,0,0,0,0,0,0
314,2,1,0,2,0,0,3,1,3,0,0,0,0,2,0,0,0,0,1,0,2,1,0,0,0,0,0
315,0,0,0,2,0,1,0,0,0,0,0,0,0,2,4,4,1,4,1,0,1,0,0,0,0,0,0
316,3,2,0,2,0,1,3,1,1,3,3,2,0,2,4,4,1,4,1,0,4,1,0,0,0,0,0
317,1,1,0,2,0,1,0,1,0,1,2,0,0,2,0,0,0,0,1,0,1,2,0,0,0,0,0
318,4,1,0,2,0,1,4,1,3,2,1,2,0,2,0,0,0,0,1,4,2,3,0,0,0,0,0
319,3,0,0,2,0,1,0,1,3,2,4,0,0,2,3,4,1,3,1,0,4,2,0,0,0,0,0
320,4,0,0,2,0,1,1,1,3,3,3,2,0,2,3,3,1,3,1,0,1,0,1,0,0,0,0
321,1,0,0,2,0,1,1,0,1,0,2,1,0,2,3,3,1,3,1,0,4,1,0,0,0,0,0
322,3,1,0,2,0,1,0,0,0,0,0,0,0,2,0,0,0,0,0,0,3,0,0,0,0,0,0
323,4,1,0,2,0,1,2,1,3,1,3,2,0,2,0,0,0,0,1,0,1,2,0,0,0,0,0
324,2,1,0,2,0,1,3,1,3,2,1,0,0,3,0,0,0,0,1,0,0,1,0,0,0,0,0
325,2,2,0,2,0,1,3,1,0,3,4,3,0,2,4,4,1,4,1,0,2,3,0,0,0,0,0
326,4,0,0,2,0,1,4,1,2,1,2,4,0,2,4,4,1,4,1,4,0,0,0,0,0,0,0
327,3,0,0,2,0,1,2,0,2,1,2,4,0,2,4,4,1,4,1,0,0,0,0,0,0,0,0
328,2,1,0,2,0,1,3,1,3,2,4,3,0,2,4,4,1,4,1,0,1,0,0,0,0,0,0
329,0,1,0,2,0,1,2,1,0,1,1,1,0,3,2,3,1,2,1,4,3,3,0,0,0,0,0
330,1,0,0,2,0,1,1,1,1,2,4,3,0,3,3,2,1,3,1,0,1,0,0,0,0,0,0
331,2,1,0,2,0,1,0,1,0,1,1,0,0,3,2,3,1,2,1,0,2,3,0,0,0,0,0
332,4,1,0,2,0,1,2,1,3,4,3,2,0,2,0,0,0,0,1,0,0,3,0,0,0,0,0
333,3,0,0,2,0,1,1,1,1,3,2,2,0,2,4,3,1,4,1,0,1,1,0,0,0,0,0
334,2,1,0,2,0,1,1,1,1,1,2,1,0,2,0,0,0,0,1,0,1,2,0,0,0,0,0
335,0,0,0,2,0,1,0,1,0,1,1,1,0,2,3,2,1,3,0,0,1,0,0,0,0,0,0
336,4,0,0,2,0,1,3,1,3,4,3,2,0,2,3,3,1,3,1,0,3,1,0,0,0,0,0
337,3,0,0,2,0,1,1,1,2,3,3,4,0,2,4,4,1,4,1,0,0,1,1,0,0,0,0
338,4,1,0,2,0,1,2,1,1,0,1,0,0,2,0,0,0,0,1,0,4,1,0,0,0,0,0
339,3,1,0,2,0,1,0,1,1,1,1,1,0,2,2,3,1,2,1,0,1,3,0,0,0,0,0
340,4,0,0,2,0,1,2,1,3,2,4,2,0,2,4,4,1,3,1,0,0,1,0,0,0,0,0
341,4,2,0,2,0,1,2,1,1,2,1,3,0,2,3,1,1,3,1,0,3,1,0,0,0,0,0
342,4,1,0,2,0,1,3,1,1,0,1,0,0,3,0,0,0,0,1,0,4,1,0,0,0,0,0
343,3,1,0,2,0,1,3,1,3,1,2,1,0,3,0,0,0,0,1,0,3,3,0,0,0,0,0
344,3,0,0,2,0,1,2,1,1,2,2,4,0,3,4,3,1,3,0,0,4,3,0,0,0,0,0
345,3,1,0,2,0,1,1,1,2,1,4,0,0,3,0,0,0,0,1,0,1,3,0,0,0,0,0
346,4,1,0,2,0,1,3,1,3,1,4,0,0,2,0,0,0,0,1,0,2,3,0,0,0,0,0
347,4,0,0,2,0,0,2,1,3,3,4,3,0,2,4,3,1,3,1,0,1,3,0,0,0,0,0
348,3,2,0,0,0,1,2,1,3,4,4,3,0,3,3,1,1,3,1,0,1,3,0,0,0,0,0
349,3,1,0,2,0,1,3,1,1,1,2,1,0,3,2,3,1,2,1,0,2,3,0,0,0,0,0
350,1,0,0,2,0,1,1,1,1,2,2,3,0,3,3,2,1,3,1,0,0,2,0,0,0,0,0
351,0,0,0,2,0,1,0,0,1,0,0,3,0,3,4,4,1,4,1,0,2,0,0,0,0,0,0
352,2,0,0,2,0,1,1,0,1,3,1,4,0,3,3,2,1,3,0,0,3,0,0,1,1,0,0
353,2,2,0,2,0,1,2,1,3,1,2,1,0,3,3,1,1,3,1,0,0,1,0,0,0,0,0
354,2,1,0,2,0,1,3,1,3,2,3,3,0,3,2,3,1,2,1,0,1,0,0,0,0,0,0
355,2,1,0,2,0,1,3,1,1,0,2,1,0,3,2,3,1,2,1,0,1,3,0,0,0,0,0
356,3,1,0,2,0,1,1,0,1,1,1,1,0,3,2,3,1,2,0,0,0,0,1,0,0,0,0
357,0,0,0,2,0,1,1,0,0,0,0,0,0,3,3,2,1,2,0,0,1,0,1,0,0,0,0
358,1,1,0,2,0,1,0,1,0,0,0,0,0,3,0,0,0,0,0,0,2,0,0,0,0,0,0
359,3,1,0,2,0,1,2,1,1,2,2,2,0,3,1,3,1,1,1,0,1,2,0,0,0,0,0
360,4,1,0,2,0,1,3,1,3,3,3,2,0,3,1,2,1,1,1,0,1,3,0,0,0,0,0
361,4,0,0,2,0,1,3,1,1,2,3,1,0,3,2,2,1,2,1,0,2,0,0,0,0,0,0
362,1,2,0,2,0,1,0,0,0,0,2,1,0,3,3,1,1,3,1,0,1,3,0,0,0,0,0
363,4,0,0,2,0,1,2,0,3,3,3,4,0,3,2,2,1,2,0,0,1,0,0,0,0,0,0
364,1,0,0,2,0,1,1,0,1,2,2,2,0,3,4,3,1,4,1,0,0,0,0,0,0,0,0
365,2,2,0,2,0,1,3,0,2,3,3,4,0,3,3,1,1,3,1,0,2,3,0,0,0,0,0
366,0,2,0,2,0,1,0,1,1,2,1,4,0,3,3,1,1,3,1,0,1,0,0,0,0,0,0
367,2,1,0,2,0,1,3,1,1,3,2,1,0,2,1,2,1,1,1,0,3,3,0,0,0,0,0
368,2,1,0,2,0,1,3,1,1,2,2,1,0,2,1,2,1,1,1,0,3,3,0,0,0,0,0
369,3,0,0,2,0,0,2,1,1,2,4,2,0,2,3,3,1,3,0,0,3,1,0,0,0,0,0
370,3,1,0,2,0,1,1,1,0,0,3,1,0,3,1,2,1,1,1,0,1,3,0,0,0,0,0
371,4,1,0,2,0,1,3,0,2,3,3,3,0,3,1,2,1,1,0,0,4,3,0,0,0,0,0
372,3,2,0,2,0,1,1,1,2,3,2,3,0,3,3,1,1,2,1,0,1,3,0,0,0,0,0
373,4,2,0,0,0,1,2,1,3,4,4,3,0,3,2,1,1,2,1,0,0,2,0,0,0,0,0
374,3,1,0,2,0,1,1,1,1,0,1,1,0,3,0,0,0,0,1,0,4,0,0,0,0,0,0
375,0,1,0,2,0,1,0,1,1,0,3,2,0,3,0,0,0,0,1,0,1,3,0,0,0,0,0
376,3,1,0,2,0,1,3,1,3,2,2,1,0,3,1,2,1,1,1,0,2,3,0,0,0,0,0
377,0,0,0,2,0,1,0,1,1,1,2,2,0,3,4,3,1,3,1,0,0,0,0,0,0,0,0
378,0,0,0,2,0,1,0,1,0,0,1,1,0,3,3,3,1,3,1,0,0,0,0,0,1,1,0
379,1,0,0,2,0,1,0,0,2,2,2,2,0,3,4,3,1,3,1,0,1,0,0,0,0,0,0
380,2,1,0,2,0,1,0,1,0,0,0,0,0,3,1,2,1,1,1,0,2,2,0,0,0,0,0
381,1,0,0,2,0,1,0,0,0,0,0,0,0,2,3,2,1,3,0,0,2,0,0,0,0,0,0
382,0,0,0,2,0,1,2,1,1,0,0,0,0,2,2,2,1,2,1,4,2,1,0,0,0,0,0
383,1,2,0,2,0,1,3,1,3,1,2,1,0,2,2,1,1,2,1,0,1,1,1,0,0,0,0
384,0,0,0,2,0,1,0,0,0,1,1,0,0,2,3,2,1,3,0,0,2,3,0,0,0,0,0
385,4,1,0,2,0,0,3,1,2,1,1,1,0,2,0,0,0,0,1,0,1,3,0,0,0,0,0
386,4,1,0,2,0,1,3,1,3,3,2,1,0,2,1,2,1,1,1,0,4,3,0,0,0,0,0
387,3,2,0,2,0,1,1,1,3,2,2,2,0,2,2,1,1,2,1,0,1,3,0,0,0,0,0
388,2,0,0,0,0,1,1,1,1,3,2,4,0,2,3,2,1,3,1,0,1,3,0,0,0,0,0
389,1,1,0,2,0,1,0,1,0,0,0,1,0,2,0,0,0,0,1,0,1,3,0,0,0,0,0
390,2,2,0,2,0,0,1,1,1,0,1,0,0,2,2,1,1,2,1,0,1,2,1,0,0,0,0
391,3,2,0,0,0,0,3,1,3,4,3,4,0,2,2,1,1,2,1,0,1,3,0,0,0,0,0
392,4,0,0,2,0,0,3,1,0,0,0,0,0,2,3,2,1,3,1,4,1,3,0,0,0,0,0
393,1,0,0,2,0,0,2,0,0,0,0,0,0,2,3,2,1,3,0,0,0,3,0,0,0,0,0
394,0,0,0,0,0,1,3,1,3,1,0,4,0,2,3,3,1,3,1,0,4,1,0,0,0,0,0
395,4,0,0,2,0,1,2,1,1,3,3,2,0,2,3,2,1,3,1,0,0,0,0,0,0,0,0
396,3,0,0,2,0,1,2,1,3,0,2,1,0,2,4,4,1,4,1,0,0,1,0,0,0,0,0
397,2,0,0,0,0,1,3,1,3,4,4,3,0,2,4,4,1,4,1,0,1,2,0,0,0,0,0
398,0,0,0,2,0,1,3,1,3,2,2,1,0,2,4,4,1,4,1,0,1,1,0,0,0,0,0
399,1,2,0,2,0,1,1,1,0,0,0,1,0,2,2,1,1,2,1,0,1,3,0,0,0,0,0
400,1,0,0,2,0,1,0,0,3,1,1,1,0,2,4,4,1,4,1,0,2,2,0,0,0,0,0
401,3,1,0,2,0,1,2,1,3,4,4,3,0,2,4,4,1,4,1,0,3,0,0,1,0,0,0
402,1,2,0,2,0,1,0,0,1,2,2,2,0,2,2,1,1,2,0,0,2,1,0,0,0,0,0
403,2,0,0,2,0,1,0,1,3,4,2,0,0,2,4,4,1,4,1,0,0,2,0,0,0,0,0
404,2,1,0,2,0,1,0,0,1,1,0,0,0,2,1,2,1,1,0,0,4,2,0,0,0,0,0
405,2,1,0,2,0,1,0,1,2,4,4,2,0,2,4,4,1,4,1,0,1,3,0,0,0,0,0
406,3,0,0,2,0,1,3,1,2,3,2,2,0,2,3,2,1,3,1,0,3,3,0,0,0,0,0
407,0,0,0,2,0,1,0,0,3,2,1,0,0,2,4,4,1,4,1,0,4,1,0,0,0,0,0
408,4,0,0,2,0,1,1,1,3,2,3,2,0,2,4,4,1,4,1,0,3,2,0,0,0,0,0
409,4,1,0,2,0,1,3,1,3,4,4,4,0,1,4,4,1,4,1,0,2,3,0,0,0,0,0
410,1,0,0,2,0,1,1,1,3,1,1,2,0,2,4,4,1,4,1,0,2,3,0,0,0,0,0
411,0,2,0,2,0,1,3,1,1,0,0,0,0,1,4,4,1,4,1,0,4,0,0,0,0,0,0
412,2,0,0,2,0,1,0,0,3,1,1,0,0,1,4,4,1,4,1,0,0,3,0,0,0,0,0
413,1,0,0,2,0,1,0,1,2,2,4,3,0,1,3,3,1,3,1,0,0,0,0,0,0,0,0
414,4,0,0,2,0,1,2,1,3,3,2,2,0,1,4,4,1,4,1,0,4,1,0,0,0,0,0
415,4,2,0,0,0,1,3,1,2,1,4,1,0,1,2,1,1,2,1,0,1,1,0,0,0,0,0
416,1,0,0,2,0,1,2,0,3,3,3,2,0,1,4,4,1,4,1,0,1,2,0,0,0,0,0
417,1,1,0,2,0,1,0,0,2,2,4,2,0,1,4,4,1,4,1,0,1,1,1,0,0,0,0
418,4,1,0,2,0,1,4,1,3,4,4,4,0,1,4,4,1,4,1,4,0,3,0,0,0,0,0
419,4,1,0,0,0,1,3,1,3,4,4,4,0,1,4,4,1,4,1,0,0,3,0,0,0,0,0
420,0,0,0,2,0,1,0,1,3,2,2,2,0,1,3,4,1,4,1,0,2,3,0,0,0,0,0
421,0,0,0,2,0,1,0,1,1,2,2,3,0,2,4,4,1,4,1,0,4,1,0,0,0,0,0
422,0,1,0,2,0,0,0,0,0,0,0,0,0,1,0,0,0,0,0,0,0,0,0,0,1,0,1
423,0,0,0,2,0,1,0,1,3,1,1,1,0,1,3,4,1,4,1,0,2,3,0,0,0,0,0
424,2,2,0,2,0,1,2,1,1,0,1,1,0,1,2,1,1,2,1,0,1,2,1,0,0,0,0
425,3,0,0,2,0,1,4,1,3,2,2,1,0,1,3,4,1,4,1,4,0,3,0,0,0,0,0
426,1,0,0,2,0,1,0,0,3,1,1,2,0,1,3,4,1,3,1,0,3,0,0,0,0,1,0
427,1,0,0,2,0,1,0,0,1,0,0,3,0,1,4,3,1,3,1,0,2,0,0,0,0,0,0
428,0,0,0,2,0,1,1,1,3,1,1,0,0,1,3,3,1,3,1,0,4,2,0,0,0,0,0
429,1,0,0,2,0,1,3,1,3,4,4,4,0,1,3,3,1,3,1,0,4,1,0,0,0,0,0
430,0,0,0,2,0,1,0,0,3,2,2,1,0,1,3,3,1,3,0,0,0,1,0,0,0,0,0
431,3,1,0,2,0,1,4,1,1,0,0,1,0,1,4,4,1,4,1,4,0,1,0,0,0,0,0
432,0,0,0,2,0,1,1,0,1,1,1,1,0,1,3,3,1,3,0,0,0,3,0,0,0,0,0
433,0,1,0,2,0,1,0,1,3,4,3,4,0,1,4,4,1,4,1,0,0,2,0,0,0,0,0
434,2,1,0,2,0,1,0,0,2,2,1,3,0,1,4,4,1,4,1,0,0,3,0,0,0,0,0
435,3,0,0,0,0,1,1,1,3,4,4,1,0,1,3,3,1,3,1,0,3,2,0,0,0,0,0
436,1,0,0,2,0,1,1,1,3,2,4,3,0,1,3,3,1,3,1,0,0,0,0,0,0,0,0
437,0,0,0,2,0,1,4,1,3,1,1,1,0,1,3,3,1,3,1,4,0,2,0,0,0,0,0
438,3,0,0,0,0,1,3,1,3,4,4,4,0,1,3,3,1,3,1,0,1,2,0,0,0,0,0
439,0,1,0,2,0,1,0,1,3,2,3,3,0,1,4,4,1,4,1,0,4,3,0,0,0,0,0
440,1,1,0,2,0,1,2,1,3,4,4,4,0,1,4,4,1,4,1,0,0,3,0,0,0,0,0
441,2,0,0,2,0,1,0,0,3,1,1,2,0,1,3,3,1,3,0,0,1,2,0,0,0,0,0
442,0,1,0,2,0,1,0,0,3,1,2,2,0,1,3,4,1,4,1,0,2,2,0,0,0,0,0
443,1,1,0,2,0,1,1,1,2,3,4,3,0,1,3,4,1,4,1,0,3,3,0,0,0,0,0
444,4,0,0,2,0,0,0,1,3,3,4,3,0,1,4,4,1,3,1,0,3,2,0,0,0,0,0
445,1,1,0,2,0,0,1,1,3,4,4,4,0,1,3,4,1,4,1,0,1,0,1,0,0,0,0
446,0,1,0,0,0,0,3,1,3,1,0,4,0,1,3,4,1,4,1,4,4,3,0,0,0,0,0
447,1,1,0,2,0,0,1,1,3,3,3,2,0,1,3,3,1,4,1,0,1,0,0,0,0,0,0
448,2,0,0,2,0,0,0,0,0,0,0,0,0,1,2,2,1,2,0,0,2,1,0,0,0,0,0
449,1,1,0,2,0,0,0,1,2,2,1,4,0,1,3,3,1,4,1,0,0,3,0,0,0,0,0
450,1,0,0,2,0,1,0,0,0,0,1,3,0,1,4,4,1,4,1,0,2,3,0,0,0,0,0
451,2,0,0,2,0,1,3,1,2,3,3,2,0,1,3,4,1,3,1,0,0,0,0,0,0,0,0
452,0,0,0,2,0,1,0,1,3,3,3,3,0,1,3,3,1,3,1,0,3,0,0,0,0,0,0
453,0,0,0,2,0,1,0,1,0,0,0,0,0,1,2,2,1,2,1,0,4,1,0,0,0,0,1
455,1,0,0,2,0,1,3,1,1,0,0,4,0,0,1,1,1,1,1,4,4,0,0,0,0,0,0
456,1,0,0,2,0,1,0,0,3,0,1,0,0,0,3,3,1,3,0,0,3,1,0,0,0,0,0
457,4,0,0,0,0,1,4,1,3,4,4,3,0,0,3,3,1,3,1,4,1,2,1,0,0,0,0
458,0,1,0,2,0,1,0,0,3,1,0,1,0,0,3,3,1,3,1,0,2,0,0,0,0,0,1
459,0,0,0,2,0,1,0,0,2,1,1,0,0,0,3,3,1,3,0,0,2,2,0,0,0,0,0
460,3,0,0,2,0,1,4,1,1,2,3,2,0,0,3,2,1,3,1,4,4,3,0,0,0,0,0
461,2,0,0,0,0,1,2,1,3,4,4,4,0,0,3,4,1,3,1,0,1,2,0,0,0,0,0
462,4,2,0,2,0,1,4,1,1,1,0,3,0,0,4,4,1,4,1,4,4,1,0,0,0,0,0
463,4,2,0,2,0,1,4,1,3,1,0,3,0,1,4,4,1,4,1,4,3,2,0,0,0,0,0
464,2,2,0,2,0,1,2,1,2,1,0,3,0,1,4,3,1,4,1,0,3,1,0,0,0,0,0
465,0,0,0,2,0,1,1,0,3,0,0,0,0,0,3,3,1,3,0,0,4,2,0,0,0,0,0
466,0,0,0,2,0,1,4,1,3,3,4,3,0,0,4,4,1,4,1,4,1,2,0,0,0,0,0
467,1,0,0,2,0,1,2,1,3,1,2,1,0,0,3,3,1,3,1,0,0,2,1,0,0,0,0
468,0,0,0,2,0,1,2,1,3,2,3,2,0,0,2,3,1,3,1,0,1,2,0,0,0,0,0
469,4,1,0,2,0,1,4,1,3,2,2,2,0,0,3,3,1,3,1,4,4,3,0,0,0,0,0
470,0,1,0,2,0,1,0,1,3,2,2,2,0,0,3,3,1,3,1,0,4,3,0,0,0,0,0
471,4,0,0,2,0,1,4,1,3,3,3,2,0,0,3,4,1,3,1,4,0,2,0,0,0,0,0
472,3,0,0,2,0,1,1,1,3,3,3,2,0,0,3,4,1,3,1,0,0,2,0,0,0,0,0
473,1,0,0,2,0,1,0,1,0,0,0,1,0,0,3,2,1,3,1,0,4,1,0,0,0,0,0
474,1,0,0,2,0,1,0,0,3,1,0,0,0,0,2,3,1,3,0,0,4,2,0,0,0,0,0
475,1,1,0,2,0,0,0,0,1,2,3,2,0,0,3,3,1,3,1,0,1,3,0,0,0,0,0
476,0,1,0,2,0,0,0,0,3,3,4,3,0,0,3,3,1,3,1,0,1,3,0,0,0,0,0
477,4,0,0,2,0,1,3,1,3,1,1,0,0,0,2,3,1,3,1,0,3,2,0,0,0,0,0
478,0,0,0,2,0,1,1,1,1,3,1,1,0,0,2,2,1,2,1,0,1,0,0,0,0,0,0
479,0,0,0,2,0,1,1,1,3,2,3,4,0,0,3,3,1,3,1,0,0,1,0,0,0,0,0
480,1,0,0,2,0,1,0,0,3,3,1,3,0,0,2,3,1,3,0,0,0,0,0,0,0,0,0
481,3,0,0,2,0,1,1,1,1,2,4,3,0,0,2,2,1,2,1,0,4,1,0,0,0,0,0
483,0,0,0,2,0,1,3,1,3,4,4,4,0,0,2,3,1,3,1,0,0,2,0,0,0,0,0
484,3,1,0,2,0,1,3,1,2,0,2,0,0,0,1,2,1,1,1,0,3,3,0,0,0,0,0
485,0,0,0,2,0,1,2,1,3,3,2,1,0,0,2,3,1,3,0,0,4,2,0,0,0,0,0
488,3,0,0,2,0,1,2,1,3,3,3,2,0,0,2,3,1,3,1,0,0,1,0,0,0,0,0
489,1,1,0,2,0,1,0,0,1,1,0,1,0,0,1,2,1,1,0,0,3,3,0,0,0,0,0
490,1,2,0,2,0,1,0,0,0,0,0,3,0,0,2,1,1,2,0,0,3,1,0,0,0,0,0
491,3,0,0,2,0,1,0,1,0,0,1,0,0,0,2,2,1,2,1,0,4,3,0,0,0,0,0
493,3,2,0,2,0,1,3,1,1,1,0,3,0,0,4,3,1,4,1,4,3,1,0,0,0,0,0
494,1,0,0,2,0,1,2,1,3,4,4,4,0,0,2,3,1,3,1,0,1,2,0,0,0,0,0
498,3,0,0,2,0,1,3,1,3,4,4,4,0,0,3,4,1,3,1,0,2,3,0,0,0,0,0
499,2,0,0,2,0,1,3,1,3,3,4,3,0,0,4,4,1,4,1,0,1,2,0,0,0,0,0
500,2,0,0,2,0,1,1,1,1,0,1,1,0,0,3,2,1,3,1,0,1,3,0,0,0,0,0
501,1,0,0,2,0,1,0,1,3,2,2,1,0,0,2,3,1,3,0,0,0,3,0,0,0,0,0
502,2,2,0,2,0,1,1,1,2,3,2,3,0,0,2,1,1,2,1,0,0,3,0,0,0,0,0
503,0,0,0,2,0,1,0,1,3,1,1,2,0,0,3,3,1,3,1,0,3,2,0,0,0,0,0
504,1,1,0,2,0,1,4,1,3,1,2,2,0,0,3,3,1,3,1,4,3,3,0,0,0,0,0
505,0,0,0,2,0,1,0,1,1,0,0,1,0,0,3,3,1,3,1,0,3,0,0,0,0,0,0
507,0,0,0,0,0,0,3,1,3,4,4,3,0,0,2,3,1,3,1,0,0,2,0,0,0,0,0
508,0,0,0,0,0,0,3,1,3,3,3,3,0,0,2,3,1,3,1,0,3,1,0,0,0,0,0
510,0,2,0,2,0,0,0,1,1,2,1,2,0,0,2,1,1,2,1,0,0,3,0,0,0,0,0
511,0,0,0,2,0,1,4,1,3,3,4,3,0,0,4,4,1,4,1,4,3,0,0,0,0,0,0
512,3,1,0,2,0,1,3,0,1,1,1,2,0,0,1,2,1,1,0,0,4,3,0,0,0,0,0
513,0,0,0,2,0,1,3,1,1,3,1,4,0,0,3,3,1,3,1,0,3,0,0,0,0,0,0
514,0,2,0,0,0,1,4,1,3,3,1,4,0,0,4,4,1,4,1,4,4,2,0,0,0,0,0
515,0,2,0,0,0,1,4,1,3,3,1,4,0,0,4,4,1,4,1,4,4,2,0,0,0,0,0
516,0,2,0,2,0,1,3,1,2,4,3,4,0,0,4,4,1,4,1,0,1,2,0,0,0,0,0
517,0,2,0,2,0,1,4,1,3,4,4,4,0,0,4,4,1,4,1,4,2,2,0,0,0,0,0
519,0,0,0,2,0,1,4,1,3,4,2,1,0,0,2,3,1,3,1,4,3,2,0,0,0,0,0
520,4,0,0,2,0,1,3,1,3,4,4,4,0,0,2,3,1,3,1,0,4,2,0,0,0,0,0
521,3,0,0,2,0,1,1,1,0,3,3,1,0,0,3,2,1,3,0,0,1,1,0,0,0,0,0
522,0,1,0,2,0,1,2,0,1,3,2,2,0,0,1,2,1,1,0,0,1,3,0,0,0,0,0
523,0,0,0,2,0,1,2,1,2,2,2,4,0,0,4,4,1,4,1,0,2,3,0,0,0,0,0
524,1,1,0,2,0,1,3,1,0,2,4,3,0,0,1,2,1,1,1,4,2,2,0,0,0,0,0
525,1,1,0,0,0,1,1,1,3,4,3,2,0,0,3,3,1,3,1,0,0,0,0,0,0,0,0
526,1,0,0,2,0,1,0,0,0,0,0,0,0,0,3,2,1,3,0,0,4,1,0,0,0,0,0
527,0,0,0,2,0,1,4,1,3,0,0,0,0,0,2,3,1,3,1,4,1,0,0,0,0,0,0
528,2,0,0,2,0,1,3,1,3,4,4,4,0,0,2,3,1,3,1,0,1,1,1,0,0,0,0
529,0,0,0,2,0,1,1,0,3,0,0,0,0,0,2,3,1,3,0,0,4,3,0,0,0,0,0
531,1,0,0,2,0,0,1,1,3,3,4,3,0,0,3,3,1,3,1,0,1,0,0,0,0,0,0
533,2,1,0,2,0,1,1,0,0,0,0,0,0,0,1,2,1,1,0,0,1,1,0,0,0,0,0
534,0,0,0,2,0,1,4,1,3,1,1,0,0,0,2,2,1,2,1,4,0,2,0,0,0,0,0
536,1,1,0,0,0,1,2,1,3,4,4,4,0,0,3,3,1,3,1,0,2,3,0,0,0,0,0
537,3,1,0,2,0,1,3,1,3,4,3,2,0,0,1,2,1,1,1,0,4,3,0,0,0,0,0
538,2,1,0,2,0,1,2,1,1,1,1,1,0,0,1,2,1,1,0,0,0,2,0,0,0,0,0
539,2,1,0,0,0,1,0,1,2,1,2,1,0,0,3,3,1,3,1,0,1,1,0,0,0,0,0
540,2,1,0,2,0,1,1,1,0,3,2,2,0,0,1,2,1,1,1,0,0,3,0,0,0,0,0
541,4,1,0,2,0,0,1,0,3,3,3,3,0,0,1,2,1,1,0,0,2,3,0,0,0,0,0
542,3,0,0,0,0,0,1,1,3,4,4,4,0,0,3,3,1,3,1,0,3,0,0,0,0,0,0
543,0,1,0,2,0,0,0,1,3,3,3,4,0,0,3,3,1,3,1,0,0,3,0,0,0,0,0
544,4,1,0,2,0,0,2,1,1,0,0,0,0,0,1,2,1,1,1,0,2,3,0,0,0,0,0
545,0,1,0,2,0,0,2,0,3,2,3,2,0,0,3,3,1,3,0,0,0,3,0,0,0,0,0
546,0,0,0,2,0,1,3,1,3,3,3,3,0,0,4,4,1,4,1,0,0,2,1,0,0,0,0
547,0,0,0,2,0,1,1,1,1,2,1,0,0,0,1,0,1,1,0,0,2,1,0,0,0,0,0
548,1,1,0,2,0,1,0,1,2,2,2,3,0,0,2,3,1,3,0,0,3,2,0,0,0,0,0
549,2,0,0,0,0,1,3,1,3,4,4,3,0,0,3,4,1,3,1,0,2,2,0,0,0,0,0
550,2,0,0,2,0,1,3,1,3,3,4,3,0,0,3,4,1,3,1,4,1,0,0,0,0,0,0
551,1,0,0,2,0,1,0,1,0,0,0,0,0,0,3,2,1,2,1,0,4,3,0,0,0,0,0
552,2,0,0,2,0,1,3,1,3,3,3,3,0,0,3,4,1,3,1,0,3,2,0,0,0,0,0
553,2,1,0,0,0,1,3,1,2,3,2,3,0,0,1,2,1,1,0,0,0,3,0,0,0,0,0
554,2,1,0,2,0,1,0,0,0,0,0,0,0,0,1,2,1,1,0,0,4,3,0,0,0,0,0
556,2,1,0,2,0,1,0,0,0,1,0,0,0,0,1,2,1,1,0,0,3,2,0,0,0,0,0
557,4,0,0,2,0,1,1,1,3,4,4,4,0,0,3,2,1,2,1,0,1,3,0,0,0,0,0
558,0,0,0,2,0,1,2,1,3,0,0,0,0,0,2,2,1,2,1,0,1,1,0,0,0,0,0
559,1,1,0,2,0,1,0,1,1,1,2,1,0,0,1,2,1,1,0,0,1,2,0,0,0,0,0
560,1,0,0,2,0,1,3,0,0,1,2,1,0,0,2,2,1,2,0,0,2,0,1,0,0,0,0
561,1,0,0,2,0,1,3,1,3,3,4,3,0,0,3,4,1,3,1,4,1,0,0,0,0,0,0
562,2,1,0,2,0,1,3,1,2,2,3,3,0,0,1,2,1,1,1,0,2,3,0,0,0,0,0
563,4,0,0,1,0,1,2,1,3,2,3,2,0,0,3,2,1,2,1,0,1,1,0,0,0,0,0
564,2,1,0,0,0,1,3,1,1,0,1,0,0,0,0,0,0,0,1,0,1,1,0,0,0,0,0
565,3,0,0,2,0,1,4,1,3,3,3,3,0,0,3,3,1,2,1,4,3,0,0,0,0,0,0
566,3,0,0,2,0,1,1,0,0,1,1,0,0,1,2,2,1,2,0,0,2,3,0,0,0,0,0
567,2,1,0,2,0,1,0,1,1,0,0,0,0,0,0,0,0,0,1,0,4,1,0,0,0,0,0
568,4,0,0,1,0,1,4,1,3,0,0,0,0,1,2,2,1,2,1,4,4,3,0,0,0,0,0
569,4,1,0,2,0,1,1,1,2,3,4,3,0,0,1,2,1,1,1,0,1,3,0,0,0,0,0
570,4,1,0,2,0,1,3,1,0,0,0,0,0,1,0,0,0,0,1,0,4,1,0,0,0,0,0
571,2,0,0,2,0,1,3,1,0,0,0,0,0,1,2,2,1,2,1,0,1,0,0,0,0,0,0
572,3,0,0,0,0,0,2,1,3,4,4,4,0,1,3,3,1,2,1,0,1,0,0,0,0,0,0
573,2,0,0,2,0,0,2,1,2,1,1,1,0,1,2,1,1,2,1,0,2,1,0,0,0,0,0
574,0,0,0,2,0,0,2,1,3,3,3,1,0,0,2,3,1,2,1,0,0,0,0,0,0,0,0
575,4,1,0,1,0,1,3,1,3,4,2,2,0,0,0,0,0,0,1,0,4,1,0,0,0,0,0
576,3,1,0,2,0,1,2,1,2,1,2,4,0,0,0,0,0,0,1,0,2,1,0,0,0,0,0
577,1,1,0,2,0,1,0,1,0,1,0,3,0,0,1,2,1,1,1,0,3,3,0,0,0,0,0
578,4,1,0,2,0,1,3,1,1,0,1,0,0,0,0,0,0,0,1,0,4,1,0,0,0,0,0
579,0,0,0,2,0,1,0,0,0,1,0,3,0,1,3,4,1,3,1,0,2,0,0,0,0,0,0
580,4,0,0,0,0,1,3,1,3,4,4,4,0,1,3,4,1,3,1,0,1,2,0,0,0,0,0
581,1,0,0,2,0,1,0,1,3,2,2,1,0,1,2,3,1,2,1,0,1,0,0,0,0,0,0
582,2,0,0,2,0,0,3,1,3,4,4,3,0,0,3,4,1,3,1,0,1,2,0,0,0,0,0
583,2,0,0,2,0,1,2,0,0,0,0,0,0,0,2,1,1,2,0,0,4,0,0,0,0,0,0
584,4,0,0,2,0,1,3,1,1,3,3,4,0,0,2,1,1,2,1,0,2,1,0,0,0,0,0
585,4,1,0,2,0,1,4,1,2,3,4,1,0,0,1,2,1,1,1,4,3,3,0,0,0,0,0
586,3,1,0,1,0,1,3,1,1,2,3,1,0,0,1,2,1,1,1,0,3,3,0,0,0,0,0
587,4,1,0,2,0,1,3,1,3,3,3,3,0,0,0,0,0,0,1,0,1,1,0,0,0,0,0
588,3,1,0,2,0,1,3,1,3,4,3,3,0,0,0,0,0,0,0,0,0,1,0,0,0,0,0
589,3,1,0,0,0,1,3,1,2,4,4,4,0,0,0,0,0,0,1,0,2,1,0,0,0,0,0
591,0,0,0,0,0,1,1,1,2,4,3,3,0,1,2,1,1,2,1,0,3,1,0,0,0,0,0
592,4,0,0,2,0,1,3,1,2,0,0,0,0,0,2,1,1,2,1,0,4,0,0,0,0,0,0
593,0,0,0,2,0,0,0,0,0,0,0,0,0,1,2,1,1,2,0,0,0,0,0,0,0,0,0
594,0,1,0,2,0,0,3,1,1,2,2,1,0,1,0,0,0,0,1,0,4,1,0,0,0,0,0
595,1,1,0,2,0,1,2,1,0,0,0,0,0,0,1,2,1,1,1,0,4,0,0,0,0,0,0
596,3,0,0,2,0,1,1,0,1,0,0,0,0,0,2,1,1,2,0,0,3,0,0,0,0,0,0
597,1,0,0,2,0,1,3,1,3,4,4,4,0,0,2,3,1,2,1,0,1,2,0,0,0,0,0
598,1,0,0,2,0,1,1,1,3,2,3,1,0,0,2,3,1,2,1,0,0,0,0,0,0,0,0
599,0,0,0,2,0,1,1,1,0,0,0,0,0,0,2,3,1,2,1,0,1,0,0,0,0,0,0
600,0,0,0,2,0,1,1,1,1,3,2,2,0,0,2,2,1,2,0,0,1,0,0,0,0,0,0
601,1,0,0,2,0,1,0,0,0,0,0,0,0,0,2,2,1,2,0,0,0,0,0,0,0,0,0
602,1,1,0,2,0,1,0,0,0,0,0,0,0,0,0,0,0,0,0,0,3,1,0,0,0,0,0
603,2,1,0,2,0,1,3,1,3,3,4,4,0,0,0,0,0,0,1,0,2,1,0,0,0,0,0
604,1,0,0,2,0,1,1,1,1,3,2,1,0,0,2,3,1,2,1,0,0,1,0,0,0,0,0
605,1,0,0,2,0,1,1,0,1,1,1,0,0,0,2,0,1,2,0,0,2,0,0,0,0,0,0
606,3,0,0,2,0,1,1,1,3,3,3,1,0,0,2,3,1,2,1,0,2,1,0,0,0,0,0
607,2,1,0,0,0,1,3,1,1,4,4,3,0,0,1,2,1,1,1,0,4,3,0,0,0,0,0
608,0,1,0,2,0,0,0,0,0,0,0,0,0,0,1,2,1,1,0,0,2,0,0,0,0,0,0
609,2,0,0,2,0,1,4,1,1,1,1,2,0,0,2,2,1,2,1,4,0,0,0,0,0,0,0
610,1,0,0,2,0,1,3,1,0,0,0,0,0,0,2,3,1,2,1,0,0,0,0,0,0,0,0
611,3,0,0,2,0,1,4,1,3,2,2,3,0,0,3,4,1,3,1,4,0,0,0,0,1,0,0
612,3,1,0,2,0,1,2,0,4,4,4,4,0,0,0,0,0,0,0,0,3,1,0,0,0,0,0
613,2,1,0,2,0,1,1,0,0,0,1,0,0,0,0,0,0,0,0,0,2,1,0,0,0,0,0
614,4,1,0,0,0,1,2,1,3,4,4,4,0,0,0,0,0,0,1,0,3,1,0,0,0,0,0
615,0,0,0,2,0,1,0,1,0,2,2,2,0,0,3,4,1,3,1,0,0,0,0,0,1,0,0
616,4,0,0,2,0,1,3,1,1,3,1,4,0,0,2,0,1,2,1,0,4,1,0,0,0,0,0
617,0,0,0,1,0,1,3,1,0,1,2,1,0,0,2,0,1,2,1,0,2,1,0,0,0,0,0
618,0,0,0,2,0,0,0,0,0,0,0,0,0,0,2,2,1,2,0,0,0,0,0,0,0,0,0
619,3,0,0,2,0,1,2,1,3,3,3,2,0,0,2,2,1,2,1,0,0,0,0,0,0,0,0
620,0,0,0,2,0,1,1,0,0,0,0,0,0,0,2,0,1,2,0,0,1,0,0,0,0,0,0
621,0,1,0,2,0,1,0,0,0,0,0,0,0,0,0,0,0,0,0,0,3,1,0,0,0,0,0
622,1,0,0,2,0,1,2,1,0,1,1,1,0,0,2,2,1,2,1,4,1,0,0,0,0,0,0
623,1,0,0,2,0,1,1,1,3,2,1,0,0,0,2,2,1,2,1,0,0,0,0,0,0,0,0
624,0,0,0,2,0,1,0,0,0,0,0,1,0,0,2,2,1,2,0,0,1,2,0,0,0,0,0
625,1,0,0,2,0,1,0,0,0,1,3,2,0,0,2,2,1,2,0,0,1,1,0,0,0,0,0
626,0,0,0,2,0,1,0,0,0,1,1,2,0,0,2,2,1,2,0,0,4,1,0,0,0,0,0
627,4,1,0,2,0,1,3,1,3,2,2,4,0,0,0,0,0,0,1,4,0,0,0,0,0,0,0
628,0,0,0,2,0,1,0,1,2,4,4,3,0,0,2,2,1,2,1,0,1,1,0,0,0,0,0
629,1,1,0,2,0,1,3,1,1,2,3,3,0,0,0,0,0,0,1,0,1,2,0,0,0,0,0
630,0,0,0,2,0,1,0,0,0,0,0,0,0,0,2,2,1,2,0,0,0,0,0,0,0,0,0
631,0,0,0,2,0,1,1,1,0,4,2,4,0,0,2,2,1,2,1,0,0,0,0,0,0,0,0
632,4,0,0,0,0,1,3,1,3,4,4,3,0,0,3,4,1,3,1,0,3,1,0,0,0,0,0
633,2,1,0,0,0,1,3,1,1,4,4,4,0,0,0,0,0,0,1,0,0,1,0,0,0,0,0
634,1,0,0,2,0,1,0,0,0,0,0,0,0,0,2,0,1,2,0,0,1,0,1,0,0,0,0
635,2,0,0,2,0,1,1,0,1,3,3,1,0,0,2,2,1,2,0,0,1,2,0,0,0,0,0
636,2,0,0,2,0,1,3,1,1,2,1,3,0,0,2,0,1,2,1,0,2,1,0,0,0,0,0
637,3,1,0,2,0,1,3,1,2,0,0,0,0,0,0,0,0,0,1,0,1,1,0,0,0,0,0
638,3,1,0,2,0,1,2,1,1,0,1,0,0,0,1,2,1,1,1,0,4,1,1,0,0,0,0
639,3,1,0,2,0,1,3,1,3,1,3,2,0,0,1,2,1,1,1,0,1,3,0,0,0,0,0
640,4,0,0,2,0,1,3,1,3,4,4,4,0,0,2,0,1,2,1,0,0,1,0,0,0,0,0
641,4,1,0,0,0,1,3,1,3,3,4,4,0,0,1,2,1,1,1,0,3,3,0,0,0,0,0
642,3,1,0,2,0,1,3,1,1,0,0,0,0,1,0,0,0,0,0,0,4,0,0,0,0,0,0
643,3,0,0,2,0,1,1,1,0,0,0,0,0,1,2,0,1,2,0,0,2,1,0,0,0,0,0
644,3,1,0,2,0,1,2,1,1,3,2,2,0,1,0,0,0,0,1,0,2,1,0,0,0,0,0
645,3,1,0,2,0,1,0,1,1,1,2,1,0,1,0,0,0,0,1,0,1,1,0,0,0,0,0
646,4,0,0,2,0,1,2,1,3,0,0,0,0,1,2,0,1,2,0,0,2,1,0,0,0,0,0
647,4,1,0,2,0,1,3,1,3,3,3,2,0,1,1,2,1,1,1,0,1,3,0,0,0,0,0
648,4,1,0,2,0,1,3,1,3,3,3,2,0,1,1,2,1,1,1,0,3,3,0,0,0,0,0
649,4,1,0,2,0,1,3,1,3,3,4,3,0,1,1,2,1,1,1,0,3,3,0,0,0,0,0
650,0,1,0,2,0,1,1,1,1,1,2,1,0,1,0,0,0,0,1,0,4,1,0,0,0,0,0
651,1,0,0,2,0,1,0,1,0,0,0,0,0,1,2,0,1,2,1,0,1,0,0,0,1,1,0
652,0,0,0,2,0,1,0,0,0,0,0,0,0,1,3,4,1,2,1,0,1,0,0,0,0,0,0
653,0,0,0,2,0,0,0,0,0,1,1,3,0,1,2,2,1,2,0,0,2,0,0,0,0,0,0
654,2,0,0,2,0,0,0,1,1,2,3,3,0,1,2,0,1,2,1,0,0,1,0,0,0,0,0
655,2,0,0,2,0,1,2,1,0,2,1,2,0,1,2,0,1,2,0,0,2,0,0,0,0,0,0
656,4,2,0,2,0,1,1,1,3,3,3,3,0,1,4,4,1,4,1,0,3,2,0,0,0,0,0
657,3,1,0,2,0,1,3,1,2,2,1,1,0,1,1,2,1,1,1,0,1,0,0,0,0,0,0
658,3,0,0,0,0,1,2,1,3,2,3,3,0,1,2,0,1,2,1,0,0,0,0,0,0,0,0
659,3,0,0,2,0,1,2,1,3,3,4,3,0,1,2,0,1,2,1,0,2,0,0,0,0,0,0
661,4,1,0,2,0,1,3,1,3,1,0,2,0,0,1,2,1,1,1,0,3,2,0,0,0,0,0
662,1,1,0,2,0,1,0,0,0,0,0,0,0,0,0,0,0,0,0,0,3,0,0,0,0,0,1
663,4,0,0,2,0,1,3,1,2,1,3,0,0,1,3,3,1,2,1,0,3,1,0,0,0,0,0
665,3,1,0,2,0,1,3,1,3,3,4,3,0,1,0,0,0,0,1,0,3,1,0,0,0,0,0
666,2,1,0,2,0,1,1,1,2,3,1,1,0,1,0,0,0,0,1,0,1,1,0,0,0,0,0
667,3,1,0,2,0,1,1,0,3,3,4,3,0,1,0,0,0,0,0,0,1,1,0,0,0,0,0
668,2,1,0,2,0,1,2,1,1,1,1,1,0,1,0,0,0,0,1,0,0,0,0,0,0,1,0
669,4,0,0,2,0,1,2,1,3,3,4,3,0,1,2,0,1,2,1,0,0,1,0,0,0,0,0
670,1,0,0,2,0,1,2,1,1,2,1,4,0,1,2,0,1,2,1,0,0,1,0,0,0,0,0
671,0,1,0,2,0,1,0,0,0,0,0,0,0,1,1,2,1,1,0,0,2,3,0,0,0,0,0
672,2,1,0,2,0,1,3,1,1,2,2,1,0,1,1,2,1,1,1,0,1,3,0,0,0,0,0
673,1,1,0,2,0,1,1,0,1,1,0,1,0,1,0,0,0,0,0,0,4,1,0,0,0,0,0
674,4,0,0,0,0,0,3,1,3,3,4,1,0,1,4,4,1,3,1,0,2,1,0,0,0,0,0
675,0,1,0,2,0,1,0,1,0,0,0,1,0,1,0,0,0,0,1,0,1,1,0,0,0,0,0
676,4,1,0,2,0,1,3,1,2,3,0,1,0,1,1,2,1,1,1,0,3,3,0,0,0,0,0
677,0,0,0,2,0,1,1,0,1,1,1,1,0,1,2,2,1,2,0,0,4,1,0,1,0,0,0
678,2,1,0,2,0,1,1,1,2,1,2,1,0,1,1,2,1,1,0,0,2,3,0,0,0,0,0
679,2,1,0,2,0,1,3,1,3,4,2,1,0,1,1,2,1,1,1,0,1,2,0,0,0,0,0
680,1,1,0,2,0,0,0,0,0,0,0,0,0,1,0,0,0,0,0,0,1,1,0,0,0,0,0
681,1,1,0,2,0,1,0,0,0,2,2,3,0,1,0,0,0,0,0,0,2,1,0,0,0,0,0
682,4,1,0,2,0,1,1,1,1,0,3,1,0,1,1,2,1,1,1,0,4,3,0,0,0,0,0
683,4,1,0,2,0,1,3,1,1,3,4,3,0,1,1,2,1,1,1,0,3,3,0,0,0,0,0
684,4,1,0,2,0,1,3,1,3,3,4,4,0,1,1,2,1,1,1,0,3,3,0,0,0,0,0
685,3,0,0,2,0,1,2,1,1,1,1,1,0,1,1,0,1,1,1,0,0,0,0,0,0,0,0
686,4,0,0,2,0,1,2,1,1,1,3,2,0,1,1,0,1,1,1,0,2,1,0,0,0,0,0
687,4,0,0,2,0,1,2,1,1,2,1,2,0,1,1,0,1,1,1,0,1,1,0,0,0,0,0
688,2,0,0,2,0,1,2,1,1,1,0,1,0,1,1,0,1,1,0,0,2,1,0,0,0,0,0
689,1,1,0,2,0,1,1,1,1,1,1,2,0,1,0,0,0,0,1,0,3,1,0,0,0,0,0
690,2,1,0,2,0,1,1,1,1,0,0,0,0,1,0,0,0,0,1,0,0,0,0,0,0,0,0
691,3,1,0,2,0,0,3,1,3,1,4,1,0,1,0,0,0,0,1,4,0,1,0,0,0,0,0
692,0,1,0,2,0,0,0,0,0,1,2,1,0,1,0,0,0,0,0,0,3,1,0,0,0,0,0
693,0,0,0,2,0,0,0,1,2,2,0,4,0,1,4,4,1,3,1,0,0,0,0,0,0,0,0
694,2,0,0,0,0,1,1,1,1,4,3,4,0,0,1,2,1,2,1,0,3,0,0,0,0,0,0
695,2,1,0,2,0,1,3,1,1,3,1,1,0,0,0,2,1,0,1,0,2,3,0,0,0,0,0
696,3,1,0,2,0,1,3,1,2,3,3,3,0,0,0,2,1,0,1,0,1,2,0,0,0,0,0
697,4,1,0,0,0,1,3,1,3,2,3,3,0,0,0,2,1,0,1,0,1,2,0,0,0,0,0
698,3,0,0,2,0,1,2,1,1,0,1,1,0,0,1,0,1,1,0,0,0,1,0,0,0,0,0
699,3,0,0,2,0,1,1,1,0,2,3,3,0,0,2,2,1,2,1,0,0,1,0,0,0,0,0
700,4,1,0,2,0,1,1,1,1,0,1,0,0,0,0,0,0,0,1,0,1,2,0,0,0,0,0
701,2,1,0,2,0,1,1,1,0,1,1,0,0,1,0,2,1,0,1,0,0,3,0,0,0,0,0
702,3,1,0,2,0,1,1,1,1,1,2,0,0,0,0,0,0,0,1,0,3,1,0,0,0,0,0
703,4,1,0,0,0,1,3,1,3,4,4,4,0,1,0,0,0,0,1,0,4,1,0,0,0,0,0
704,4,1,0,2,0,1,2,0,1,0,1,1,0,1,0,0,0,0,0,0,0,1,0,0,0,0,0
705,3,1,0,2,0,1,1,1,0,3,2,2,0,1,0,2,1,0,1,0,4,3,0,0,0,0,0
706,1,0,0,2,0,1,0,1,0,0,0,0,0,0,1,0,1,1,1,0,2,1,0,0,0,0,0
707,4,1,0,2,0,1,2,1,3,4,4,3,0,1,0,2,1,0,1,0,1,3,0,0,0,0,0
708,2,0,0,2,0,1,2,1,1,4,3,1,0,1,4,4,1,4,1,0,0,1,1,0,0,0,0
709,3,0,0,2,0,1,0,1,1,2,2,1,0,1,1,1,1,2,0,0,4,2,0,0,0,0,0
710,3,0,0,2,0,1,2,1,1,2,3,2,0,1,1,0,1,1,1,0,0,1,0,0,0,0,0
711,1,0,0,2,0,1,2,0,0,3,3,3,0,1,4,4,1,4,1,0,0,0,0,0,0,0,0
712,1,1,0,2,0,1,2,1,0,0,0,0,0,1,0,2,1,0,1,0,4,3,0,0,0,0,0
713,1,0,0,2,0,1,4,1,1,0,1,1,0,1,1,1,1,2,1,4,0,0,0,0,0,0,0
714,2,0,0,2,0,0,0,0,0,0,1,0,0,1,1,0,1,1,0,0,0,1,0,0,0,0,0
715,2,0,0,2,0,1,1,1,0,2,2,1,0,1,1,0,1,1,1,0,0,0,0,0,0,0,0
716,4,0,0,2,0,1,4,1,3,2,3,3,0,1,1,0,1,1,1,4,2,3,0,0,0,0,0
717,4,1,0,2,0,1,1,1,1,3,3,2,0,1,0,1,1,0,1,0,0,3,0,0,0,0,0
718,2,0,0,2,0,1,1,1,1,1,2,1,0,1,1,0,1,1,1,0,2,3,0,0,0,0,0
719,0,1,0,2,0,1,0,0,0,0,0,0,0,1,0,0,0,0,0,0,4,1,0,0,0,0,0
720,4,1,0,2,0,1,3,1,3,2,2,4,0,1,0,1,1,0,1,0,0,3,0,0,0,0,0
721,4,1,0,2,0,1,3,1,3,1,1,0,0,1,0,1,1,0,1,0,0,2,0,0,0,0,0
722,4,1,0,2,0,1,2,1,1,1,1,1,0,1,0,0,0,0,0,0,1,2,0,0,0,0,0
723,4,1,0,2,0,1,2,1,1,1,1,2,0,0,0,0,0,0,1,0,2,2,0,0,0,0,0
724,4,0,0,0,0,1,3,1,3,3,4,4,0,0,1,0,1,1,1,0,0,3,0,0,0,0,0
725,2,1,0,0,0,1,2,1,1,3,3,4,0,1,0,0,0,0,1,0,0,2,0,0,0,0,0
726,1,1,0,2,0,1,1,0,1,2,3,2,0,1,0,0,0,0,0,0,3,3,0,0,0,0,0
727,3,1,0,2,0,1,3,1,3,2,2,3,0,1,0,0,0,0,1,0,2,3,0,0,0,0,0
728,0,0,0,2,0,1,1,0,0,0,0,0,0,0,1,1,1,1,0,0,4,1,0,1,0,0,0
729,2,0,0,2,0,1,4,1,0,1,1,2,0,0,2,2,1,2,1,4,1,0,0,0,0,1,0
730,3,0,0,0,0,1,1,1,3,4,4,4,0,0,2,2,1,2,1,0,2,2,0,0,0,0,0
731,3,1,0,2,0,0,2,0,1,0,0,0,0,0,0,0,0,0,0,0,4,3,0,0,0,0,0
732,1,0,0,2,0,0,0,0,0,2,3,4,0,0,1,1,1,1,0,0,1,2,0,0,0,0,0
733,3,1,0,2,0,0,1,1,1,0,1,1,0,0,0,0,0,0,1,0,1,1,0,0,0,0,0
734,2,0,0,2,0,1,1,0,0,1,1,3,0,0,1,1,1,1,0,0,1,2,0,0,0,0,0
735,4,1,0,0,0,1,3,1,3,2,3,3,0,0,0,0,0,0,1,0,0,2,0,0,0,0,0
736,3,0,0,0,0,1,3,1,3,3,4,3,0,0,1,0,1,1,1,0,0,3,0,0,0,0,0
737,3,0,0,2,0,1,0,1,2,3,3,2,0,0,1,0,1,1,0,0,1,3,0,0,0,0,0
738,4,0,0,0,0,1,3,1,1,4,3,3,0,0,1,0,1,1,1,0,4,3,0,0,0,0,0
739,3,0,0,2,0,1,3,1,1,4,4,4,0,0,4,4,1,4,1,0,0,1,0,0,0,0,0
740,4,1,0,2,0,1,1,1,3,3,4,4,0,0,0,0,0,0,1,0,4,3,0,0,0,0,0
741,4,1,0,2,0,1,3,1,3,3,2,2,0,0,0,0,0,0,1,0,1,3,0,0,0,0,0
742,4,0,0,2,0,1,3,1,1,4,4,4,0,0,4,4,1,4,1,0,1,1,0,0,0,0,0
743,1,0,0,0,0,1,1,1,0,4,4,3,0,0,1,1,1,1,0,0,3,1,0,0,0,0,0
744,3,1,0,2,0,1,3,1,1,1,1,3,0,0,0,1,1,0,1,0,0,3,0,0,0,0,0
745,3,0,0,2,0,1,1,1,2,1,0,1,0,0,2,2,1,2,1,0,2,3,0,0,0,0,0
746,3,1,0,2,0,1,3,1,3,4,3,3,0,0,0,1,1,0,1,0,0,2,0,0,0,0,0
747,3,1,0,2,0,1,3,1,1,4,3,2,0,0,0,1,1,0,1,0,2,3,0,0,0,0,0
748,2,1,0,0,0,1,1,0,0,3,3,2,0,0,0,1,1,0,0,0,3,3,0,0,0,0,0
749,1,0,0,2,0,1,0,0,0,0,0,0,0,0,1,0,1,1,0,0,1,3,0,0,0,0,0
750,3,1,0,2,0,1,3,1,1,2,2,2,0,0,0,0,0,0,1,0,2,3,0,0,0,0,0
751,3,1,0,2,0,1,3,1,3,1,1,0,0,0,0,1,1,0,1,0,0,3,0,0,0,0,0
752,4,0,0,2,0,1,2,1,2,1,0,0,0,0,1,0,1,1,1,0,1,3,0,0,0,0,0
753,3,1,0,2,0,1,2,1,1,1,1,1,0,0,0,0,0,0,1,0,3,1,0,0,0,0,0
754,2,1,0,2,0,1,2,1,1,2,2,2,0,0,0,0,0,0,1,0,4,3,0,0,0,0,0
755,2,1,0,2,0,0,3,1,3,1,3,2,0,1,0,0,0,0,1,0,2,3,0,0,0,0,0
756,1,0,0,2,0,0,0,0,0,0,0,1,0,1,1,0,1,1,0,0,2,0,0,0,0,1,0
757,3,0,0,2,0,0,1,0,2,0,0,0,0,0,1,0,1,1,0,0,0,3,0,0,0,0,0
758,2,0,0,0,0,1,3,1,3,4,3,4,0,0,4,4,1,3,1,0,0,1,0,0,0,0,0
759,3,1,0,0,0,1,3,1,3,4,4,4,0,1,0,0,0,0,1,0,0,2,0,0,0,0,0
760,3,1,0,2,0,1,3,1,2,4,4,3,0,1,0,1,1,0,1,0,1,3,0,0,0,0,0
761,3,0,0,2,0,1,3,1,0,4,4,3,0,1,4,4,1,4,1,0,1,1,0,0,0,0,0
762,3,0,0,2,0,1,2,1,3,3,3,3,0,1,1,0,1,1,0,0,0,1,0,0,0,0,0
763,1,1,0,2,0,1,1,0,0,0,0,0,0,1,0,0,0,0,0,0,1,3,0,0,0,0,0
764,4,0,0,2,0,1,2,0,1,3,2,4,0,1,2,2,1,2,1,0,4,3,0,0,0,0,0
765,4,0,0,2,0,1,3,1,2,3,2,2,0,1,1,1,1,1,1,4,0,0,0,0,0,0,0
766,1,0,0,2,0,1,3,1,1,3,4,3,0,1,4,4,1,4,1,0,0,2,0,0,0,0,0
767,4,1,0,2,0,1,2,1,3,1,2,2,0,1,0,0,0,0,1,0,1,3,0,0,0,0,0
768,1,1,0,2,0,1,0,0,0,0,1,0,0,1,0,0,0,0,0,0,2,2,0,0,0,0,0
769,2,1,0,2,0,1,3,1,1,1,1,1,0,1,0,1,1,0,1,0,1,3,0,0,0,0,0
770,4,1,0,2,0,1,3,1,3,2,3,2,0,1,0,1,1,0,1,0,0,2,0,0,0,0,0
771,2,0,0,2,0,1,1,0,1,4,2,3,0,1,1,0,1,1,0,0,3,3,0,0,0,0,0
772,2,0,0,2,0,1,0,0,0,0,0,1,0,1,1,1,1,1,0,0,1,0,0,0,1,0,0
773,4,0,0,0,0,1,2,1,3,3,4,3,0,1,1,0,1,1,1,0,0,3,0,0,0,0,0
774,3,1,0,2,0,1,3,1,3,3,4,3,0,1,0,1,1,0,1,0,4,3,0,0,0,0,0
776,2,0,0,0,0,1,0,1,1,3,4,1,0,1,1,1,1,1,1,0,0,2,0,0,0,0,0
777,1,0,0,2,0,1,0,1,1,0,1,1,0,1,4,4,1,4,1,0,4,2,0,0,0,0,0
778,1,1,0,2,0,1,0,1,0,1,2,1,0,1,0,0,0,0,1,0,0,3,0,0,0,0,0
779,3,1,0,2,0,1,3,1,3,3,3,3,0,1,0,1,1,0,1,0,4,3,0,0,0,0,0
780,1,0,0,2,0,1,2,1,1,4,1,0,0,1,4,4,1,4,1,0,3,1,0,0,1,0,0
781,3,1,0,2,0,1,3,1,1,3,3,4,0,1,0,0,0,0,1,0,2,3,0,0,0,0,0
782,2,1,0,2,0,1,3,1,0,1,2,1,0,1,0,0,0,0,1,0,1,3,0,0,0,0,0
783,4,0,0,2,0,1,4,1,3,2,3,2,0,1,1,1,1,1,1,4,1,2,0,0,0,0,0
784,3,0,0,2,0,1,1,1,1,1,2,1,0,1,1,0,1,1,1,0,0,3,0,0,0,0,0
785,1,0,0,2,0,1,0,1,0,1,2,1,0,1,1,1,1,1,0,0,1,0,0,0,0,0,0
786,4,1,0,2,0,1,2,1,1,0,1,1,0,1,0,0,0,0,1,0,0,3,0,0,0,0,0
787,2,0,0,2,0,1,3,1,1,2,2,3,0,1,1,0,1,1,1,0,0,3,0,0,0,0,0
788,1,0,0,0,0,1,1,1,1,4,4,3,0,1,4,4,1,4,1,0,3,1,0,0,0,0,0
789,4,0,0,2,0,1,4,1,3,0,4,0,0,1,4,4,1,4,1,4,4,1,0,0,0,1,0
790,2,1,0,2,0,1,1,1,1,0,1,0,0,1,0,0,0,0,1,0,1,3,0,0,0,0,0
791,2,0,0,2,0,1,3,1,3,3,3,4,0,1,1,0,1,1,1,0,0,1,0,0,0,0,0
792,1,0,0,2,0,1,0,1,0,3,2,2,0,1,1,0,1,1,1,0,0,3,0,0,0,0,0
793,1,0,0,2,0,1,3,1,3,0,4,0,0,1,4,4,1,4,1,0,4,1,0,0,0,1,0
794,1,0,0,0,0,1,3,1,1,3,4,3,0,1,3,4,1,4,1,0,0,0,0,0,0,0,0
795,3,0,0,2,0,1,3,1,3,3,4,3,0,1,1,1,1,1,1,0,1,1,0,0,0,0,0
796,2,0,0,2,0,1,2,1,1,3,1,2,0,1,1,1,1,1,1,0,3,1,0,0,0,0,0
797,0,0,0,2,0,1,1,1,1,1,2,1,0,1,1,0,1,1,1,0,2,3,0,0,0,0,0
798,1,1,0,2,0,1,1,1,2,2,3,2,0,1,0,1,1,0,1,0,2,3,0,0,0,0,0
799,0,0,0,2,0,1,1,1,0,0,2,0,0,1,1,0,1,1,1,0,0,3,0,0,0,0,0
800,2,0,0,0,0,1,0,1,3,2,4,3,0,1,1,0,1,1,1,0,0,3,0,0,0,0,0
801,2,0,0,0,0,1,0,1,3,4,4,4,0,1,1,0,1,1,1,0,0,3,0,0,0,0,0
802,2,0,0,2,0,1,1,1,0,0,1,1,0,1,3,4,1,3,1,0,3,1,0,0,0,0,0
803,0,1,0,0,0,1,3,1,1,3,4,3,0,1,0,0,0,0,1,0,2,3,0,0,0,0,0
804,4,1,0,2,0,1,1,1,1,2,4,1,0,1,0,0,0,0,1,0,0,0,0,0,0,0,0
805,0,1,0,2,0,1,2,1,0,3,4,3,0,1,0,0,0,0,1,0,3,3,0,0,0,0,0
806,1,1,0,2,0,1,2,1,2,1,3,2,0,0,0,0,0,0,1,0,2,3,0,0,0,0,0
807,2,0,0,2,0,1,2,1,3,2,2,2,0,1,1,0,1,1,1,0,1,3,0,0,0,0,0
808,0,0,0,2,0,1,3,0,0,0,0,0,0,1,3,4,1,3,1,0,3,1,0,0,1,0,0
809,4,0,0,0,0,1,3,1,3,3,4,3,0,0,1,0,1,1,1,0,1,3,0,0,0,0,0
810,4,1,0,2,0,1,3,1,2,3,2,3,0,0,0,0,0,0,1,0,1,3,0,0,0,0,0
811,4,1,0,2,0,1,2,1,3,3,2,3,0,0,0,0,0,0,0,0,0,3,0,0,0,0,0
812,4,0,0,0,0,1,2,1,3,4,4,4,0,1,1,0,1,1,1,0,2,3,0,0,0,0,0
813,1,0,0,2,0,1,3,1,0,3,3,3,0,1,2,2,1,2,1,0,4,3,0,0,0,0,0
814,3,0,0,2,0,1,2,1,1,2,2,3,0,1,2,2,1,2,1,0,1,2,0,0,0,0,0
815,4,0,0,2,0,1,3,1,3,2,2,3,0,1,1,0,1,1,1,0,2,0,0,0,0,0,0
816,0,0,0,2,0,1,3,1,2,1,3,1,0,1,3,3,1,3,1,0,0,0,0,0,0,0,0
817,0,0,0,0,0,1,1,0,1,4,3,2,0,1,3,3,1,3,1,0,4,0,0,0,0,0,0
818,1,0,0,2,0,1,1,1,1,0,1,0,0,1,3,3,1,3,1,0,0,0,0,0,0,0,0
819,0,0,0,2,0,1,0,0,0,3,2,1,0,1,1,1,1,1,0,0,0,1,0,0,0,0,0
820,0,0,0,2,0,1,3,1,2,4,4,4,0,1,3,3,1,3,1,0,1,1,0,0,0,0,0
821,2,0,0,0,0,1,3,1,3,3,3,4,0,1,1,0,1,1,1,0,1,3,0,0,0,0,0
822,4,0,0,0,0,1,2,1,2,3,3,3,0,0,1,1,1,1,1,0,1,3,0,0,0,0,0
823,4,0,0,2,0,1,4,1,3,4,2,1,0,0,1,1,1,1,1,4,2,3,0,0,0,0,0
824,2,0,0,1,0,1,0,0,0,0,0,0,0,0,1,1,1,1,0,0,2,2,0,0,0,0,0
825,0,0,0,0,0,1,2,1,0,3,0,2,0,0,1,1,1,1,1,4,0,3,0,0,0,0,0
826,2,1,0,2,0,1,1,1,1,2,1,1,0,0,0,1,1,0,1,0,2,3,0,0,0,0,0
827,1,0,0,2,0,1,3,1,0,1,1,1,0,0,1,1,1,1,1,4,4,0,1,0,0,0,0
828,3,0,0,2,0,1,1,1,3,2,3,2,0,0,1,0,1,1,1,0,0,0,0,0,0,0,0
829,2,0,0,0,0,0,0,0,3,2,2,4,0,0,2,2,1,2,1,0,1,0,0,0,0,0,0
830,4,0,0,0,0,1,4,1,3,4,4,4,0,0,3,3,1,3,1,4,0,1,0,0,0,0,0
831,4,0,0,0,0,1,3,1,1,1,3,2,0,1,3,3,1,3,1,0,1,2,0,0,0,0,0
832,2,1,0,2,0,1,1,1,2,2,2,2,0,0,0,0,0,0,0,0,1,3,0,0,0,0,0
833,1,0,0,2,0,1,1,0,2,1,3,2,0,0,3,3,1,3,1,0,3,0,0,0,0,1,0
834,2,1,0,0,0,1,2,1,3,2,4,4,0,0,0,0,0,0,1,0,2,3,0,0,0,0,0
835,1,0,0,2,0,1,3,0,1,4,1,0,0,0,3,3,1,3,1,0,3,1,0,0,0,0,0
836,1,0,0,2,0,1,4,1,0,0,1,0,0,1,3,3,1,3,1,4,0,1,0,0,0,0,0
837,0,1,0,2,0,1,1,1,0,0,0,0,0,1,0,1,1,0,1,0,3,3,0,0,0,0,0
838,4,1,0,2,0,1,3,0,1,2,3,3,0,1,0,1,1,0,0,0,2,3,0,0,0,0,0
