pr_number,priorities_number,author_identity,has_labels,mergable_state,has_assignees_content,commit_num,file_changed_num,total_add_line,total_delete_line,label_count,pre_prs,title_words,body_words,has_bug,has_document,has_feature,has_improve,has_refactor
1,4,0,0,0,0,0,0,0,0,0,4,2,0,0,0,0,0,1
2,3,0,0,0,0,0,1,0,0,0,4,2,0,0,0,0,0,1
3,4,0,0,0,0,2,2,1,1,0,3,3,1,0,0,0,0,0
4,3,0,0,0,0,0,2,2,1,0,3,1,0,0,0,0,0,0
5,3,0,0,0,0,2,3,2,1,0,4,0,3,0,0,0,0,0
6,4,0,0,0,0,2,3,3,1,0,3,1,4,0,0,0,0,0
7,4,0,0,0,0,2,1,0,3,0,3,2,3,0,0,0,0,0
8,3,0,0,0,0,0,3,1,1,0,3,2,2,0,0,0,1,0
9,4,0,0,0,0,0,1,1,1,0,3,3,4,0,0,0,0,0
11,0,0,0,2,0,1,3,2,2,0,4,3,4,0,0,0,0,0
12,2,0,0,0,0,2,2,3,3,0,3,3,3,0,0,0,0,0
13,3,0,0,0,0,0,1,0,1,0,3,4,0,0,1,0,0,0
14,4,0,0,0,0,0,2,1,0,0,3,0,0,0,1,0,0,0
15,1,0,0,0,0,2,3,4,3,0,3,2,3,0,0,0,0,0
16,2,0,0,0,0,0,0,0,0,0,3,2,0,0,0,0,0,0
17,3,0,0,0,0,1,1,2,0,0,3,0,4,0,0,0,0,0
18,3,0,0,0,0,1,1,2,1,0,3,2,2,0,0,0,0,0
19,4,0,0,2,0,2,3,4,3,0,4,2,4,0,0,0,0,0
20,3,0,0,0,0,2,3,4,3,0,4,2,2,0,0,0,0,0
21,4,0,0,0,0,2,1,1,1,0,3,1,0,0,0,0,0,0
22,4,0,0,0,0,1,1,1,1,0,3,2,2,0,0,0,0,0
23,3,0,0,0,0,2,3,2,1,0,3,4,1,0,1,0,0,0
24,3,0,0,2,0,0,0,0,0,0,3,2,1,0,0,0,0,1
25,4,0,0,0,0,0,0,0,0,0,3,2,1,1,0,0,0,1
26,3,0,0,0,0,0,0,0,0,0,3,2,0,0,0,0,0,1
27,2,0,0,0,0,2,3,4,3,0,3,0,4,0,0,0,0,0
28,4,0,0,0,0,1,1,1,1,0,3,0,0,0,0,0,0,1
29,2,0,0,0,0,2,1,1,0,0,3,0,1,0,0,0,0,0
30,2,0,0,0,0,0,0,0,1,0,3,0,0,0,0,0,0,0
31,3,0,0,0,0,0,0,0,0,0,3,2,1,0,0,0,0,0
32,3,0,0,0,0,0,0,0,0,0,3,2,1,0,0,0,0,0
33,2,0,0,0,0,0,1,0,0,0,3,0,0,0,0,0,0,0
34,4,0,0,0,0,1,1,3,2,0,3,2,0,0,0,0,0,0
35,4,0,0,0,0,2,3,4,3,0,4,0,3,0,0,0,0,0
36,4,0,0,0,0,2,1,3,1,0,3,3,0,0,0,0,0,0
37,4,0,0,0,0,2,2,4,2,0,3,3,2,0,0,0,0,0
38,4,0,0,0,0,2,2,2,3,0,3,2,2,0,0,0,0,0
39,2,0,0,0,0,1,0,0,0,0,3,2,0,0,0,0,0,0
40,0,2,0,2,0,2,1,0,3,0,4,2,1,0,0,0,0,0
41,2,0,0,0,0,1,0,1,0,0,3,1,0,1,0,0,0,0
42,2,0,0,0,0,2,1,2,1,0,3,2,0,0,0,0,0,0
43,2,0,0,0,0,2,1,3,3,0,3,1,0,0,0,0,0,0
44,4,0,0,0,0,1,2,1,0,0,3,4,0,0,0,0,0,0
45,2,0,0,0,0,0,0,0,0,0,3,2,0,0,0,1,0,0
46,3,0,0,0,0,0,0,0,0,0,3,3,0,0,0,0,0,0
47,4,0,0,0,0,0,0,0,0,0,3,2,0,0,0,0,0,0
48,1,0,0,0,0,1,2,1,3,0,3,2,2,0,0,0,0,0
49,1,0,0,0,0,1,1,1,1,0,3,2,0,0,0,0,0,0
50,1,0,0,0,0,0,0,1,0,0,3,1,0,0,0,0,0,0
51,4,0,0,0,0,2,2,3,2,0,3,2,1,0,0,0,0,0
52,3,0,0,0,0,1,0,0,2,0,3,3,4,0,0,0,0,0
53,1,0,0,0,0,2,3,4,3,0,3,0,2,0,0,0,0,0
54,1,0,0,0,0,2,1,1,1,0,3,3,1,0,0,0,0,0
55,2,0,0,0,0,2,3,2,2,0,2,3,2,0,0,0,0,0
56,2,0,0,0,0,0,0,1,1,0,2,4,0,0,1,0,0,0
57,0,0,0,0,0,2,2,2,3,0,4,0,3,0,0,0,0,0
58,4,0,0,0,0,2,2,2,3,0,3,0,2,0,0,0,0,0
59,4,0,0,0,0,2,3,4,3,0,3,0,4,0,0,0,0,0
60,3,0,0,0,0,1,0,1,0,0,2,1,0,0,0,0,0,0
61,4,0,0,0,0,0,1,1,1,0,2,2,0,0,0,0,0,0
62,3,0,0,0,0,1,0,1,0,0,2,1,2,0,0,0,0,0
63,3,0,0,0,0,2,2,3,0,0,2,0,1,0,0,0,0,0
64,4,0,0,0,0,2,0,2,1,0,3,2,2,0,0,0,0,0
65,3,2,0,0,0,2,3,4,3,0,4,0,2,0,0,0,0,0
66,3,0,0,0,0,2,1,1,0,0,2,2,4,0,0,0,0,0
67,3,0,0,0,0,1,1,1,0,0,2,2,0,1,0,0,0,0
68,0,2,0,2,0,0,1,1,1,0,4,1,1,0,0,0,0,0
69,1,2,0,2,0,4,4,4,3,0,4,3,2,0,0,0,0,0
70,0,2,0,0,0,2,3,2,2,0,4,3,3,0,0,0,0,0
71,4,0,0,0,0,2,3,3,2,0,3,2,3,0,0,0,0,0
72,1,0,0,0,0,2,3,3,2,0,2,1,2,0,0,0,0,0
73,4,0,0,0,0,0,0,2,0,0,2,2,3,0,1,0,0,0
74,3,0,0,0,0,2,3,2,2,0,2,0,1,0,0,0,0,0
75,4,0,0,0,0,2,3,3,3,0,2,1,4,0,0,0,0,0
76,3,0,0,0,0,2,3,2,2,0,2,0,4,0,0,0,0,0
77,3,0,0,0,0,2,3,3,3,0,2,0,4,0,0,0,0,0
78,1,0,0,0,0,2,1,1,2,0,2,0,4,0,0,0,0,0
79,4,0,0,0,0,1,2,0,0,0,2,2,4,0,0,0,0,0
80,2,0,0,2,0,0,0,0,1,0,2,4,0,0,1,0,0,0
81,4,0,0,0,0,2,3,0,0,0,2,3,4,0,0,0,0,0
82,2,0,0,0,0,2,0,0,0,0,2,1,4,0,0,0,0,0
83,2,0,0,0,0,1,3,0,3,0,2,4,4,0,0,0,0,0
84,4,0,0,2,0,2,3,3,3,0,2,2,4,0,0,0,0,0
85,3,0,0,2,0,2,0,1,0,0,2,2,1,0,0,0,0,0
86,2,0,0,0,0,2,1,4,0,0,2,0,4,0,0,0,0,0
87,3,0,0,2,0,2,3,4,2,0,2,2,2,0,0,0,0,0
88,4,0,0,2,0,2,3,3,3,0,2,0,3,0,0,0,0,0
89,4,0,0,2,0,2,0,0,3,0,2,2,0,0,0,0,0,0
90,2,0,0,2,0,0,0,0,1,0,2,2,1,0,0,0,0,0
91,4,0,0,2,0,2,3,4,3,0,2,0,2,0,0,0,0,0
92,4,0,0,0,0,2,2,2,1,0,2,2,1,0,0,0,0,0
93,4,0,0,0,0,2,2,2,1,0,2,0,2,0,0,0,0,0
94,3,0,0,0,0,0,0,0,3,0,2,2,0,0,1,0,0,0
95,4,0,0,0,0,2,3,3,3,0,2,2,4,0,0,0,0,0
96,2,0,0,0,0,2,1,0,0,0,2,2,0,0,0,0,0,0
97,0,2,0,0,0,1,3,3,3,0,4,3,1,0,0,0,0,0
98,2,0,0,2,0,1,1,3,0,0,2,0,0,0,0,0,0,0
99,4,0,0,0,0,0,0,0,0,0,2,4,1,0,0,0,0,0
100,1,0,0,0,0,0,0,0,1,0,2,3,1,0,0,0,0,0
101,3,0,0,0,0,0,0,0,2,0,2,3,2,0,0,0,0,0
102,3,0,0,0,0,0,0,0,1,0,2,2,3,0,0,0,0,0
103,2,0,0,2,0,2,0,2,1,0,2,1,3,0,0,0,0,0
104,4,0,0,2,0,2,3,4,3,0,2,1,4,0,0,0,0,0
105,3,0,0,2,0,2,3,4,3,0,2,0,4,0,0,0,0,0
106,4,0,0,2,0,2,1,2,2,0,2,3,2,0,0,0,0,0
107,4,0,0,0,0,2,3,4,3,0,2,1,1,0,0,0,0,0
108,2,0,0,0,0,2,2,1,2,0,2,0,4,0,0,0,0,0
109,1,0,0,0,0,0,2,2,3,0,4,0,1,0,1,0,0,0
110,3,0,0,0,0,0,0,0,3,0,4,3,3,0,0,0,0,0
111,1,0,0,0,0,0,0,0,3,0,3,2,3,0,0,0,0,0
112,4,0,0,0,0,2,3,2,3,0,2,1,4,0,0,0,0,0
113,1,0,0,0,0,1,3,1,1,0,2,3,1,0,0,0,0,0
114,1,0,0,0,0,1,1,1,1,0,2,2,1,0,0,0,0,0
115,2,0,0,2,0,2,2,3,2,0,2,3,2,0,0,0,0,0
116,2,0,0,0,0,1,1,1,1,0,2,3,0,0,1,0,0,0
117,2,0,0,0,0,2,2,4,3,0,2,2,4,0,0,0,0,0
118,4,0,0,0,0,2,3,3,3,0,3,4,2,0,0,0,0,0
119,4,0,0,0,0,2,3,4,3,0,2,2,4,0,0,0,0,0
120,4,0,0,0,0,2,2,2,3,0,2,2,4,0,0,0,0,0
121,0,0,0,0,0,0,0,0,3,0,3,2,3,0,0,0,0,0
122,0,0,0,0,0,0,0,0,2,0,3,3,2,0,0,0,0,0
123,4,0,0,0,0,0,1,1,2,0,2,2,4,0,0,0,0,0
124,2,0,0,0,0,2,0,2,0,0,2,3,4,0,0,0,0,0
125,3,0,0,2,0,2,0,2,0,0,2,2,4,0,0,0,0,0
126,3,0,0,0,0,2,3,4,2,0,4,2,3,0,0,0,0,0
127,3,0,0,2,0,1,2,2,2,0,2,0,0,0,0,0,0,0
128,1,0,0,2,0,2,3,3,3,0,2,0,3,0,0,0,0,0
129,0,2,0,0,0,1,3,2,1,0,4,2,4,0,0,0,0,0
130,3,0,0,2,0,1,1,0,0,0,3,4,1,0,0,0,0,0
131,1,0,0,0,0,0,1,1,2,0,3,3,2,0,0,0,0,0
132,1,0,0,0,0,0,2,2,2,0,3,3,0,0,0,0,0,0
133,4,0,0,0,0,2,3,4,3,0,2,0,1,1,0,0,0,0
134,2,0,0,0,0,2,3,4,3,0,2,3,4,0,0,0,0,0
135,1,0,0,0,0,2,2,3,3,0,2,0,4,0,0,0,0,0
136,2,0,0,0,0,2,2,3,2,0,2,0,2,0,0,0,0,0
137,2,0,0,0,0,2,1,3,2,0,2,1,4,0,0,0,0,0
138,3,0,0,0,0,2,3,1,3,0,2,0,1,0,0,0,0,0
139,4,0,0,0,0,2,3,1,3,0,2,2,1,0,0,0,0,0
140,1,0,0,0,0,2,3,3,2,0,2,0,2,1,0,0,0,0
141,2,0,0,0,0,2,3,3,2,0,1,1,1,0,0,0,0,0
142,3,0,0,0,0,2,3,3,2,0,1,1,1,0,0,0,0,0
143,3,0,0,0,0,1,3,2,1,0,1,4,0,0,0,0,0,0
144,3,0,0,0,0,2,3,4,3,0,1,0,1,0,0,0,0,0
145,1,0,0,0,0,2,1,1,3,0,1,0,3,0,0,0,0,0
146,1,0,0,0,0,0,3,0,3,0,1,1,0,0,0,0,0,0
147,1,0,0,0,0,1,1,0,3,0,1,2,2,0,0,0,0,0
148,1,0,0,0,0,2,1,0,3,0,1,2,2,0,0,0,0,0
149,1,0,0,0,0,0,1,0,1,0,1,0,1,0,0,0,0,0
150,1,0,0,0,0,2,2,2,2,0,1,1,4,0,0,0,0,0
151,1,0,0,0,0,1,0,1,3,0,1,1,1,0,0,0,0,0
152,1,0,0,0,0,2,3,4,2,0,1,0,2,0,0,0,0,0
153,1,0,0,0,0,1,1,0,0,0,1,2,1,0,0,0,0,0
154,3,0,0,0,0,2,3,4,3,0,4,3,1,0,0,0,0,0
155,3,0,0,0,0,2,3,4,3,0,4,2,1,0,0,0,0,0
156,2,0,0,0,0,2,2,1,3,0,1,0,4,0,0,0,0,0
157,1,0,0,0,0,2,3,3,2,0,1,2,1,0,0,0,0,0
158,1,0,0,0,0,0,0,1,1,0,1,2,1,0,0,0,0,0
159,2,0,0,0,0,0,0,0,1,0,1,2,1,0,0,0,0,0
160,0,0,0,0,0,0,1,2,1,0,3,2,2,0,0,0,0,0
161,1,0,0,0,0,0,1,1,1,0,3,4,0,0,0,0,0,0
162,2,0,0,2,0,2,0,2,1,0,1,0,3,0,0,0,0,0
163,2,0,0,2,0,2,3,4,3,0,1,1,3,0,0,0,0,0
164,2,0,0,2,0,2,2,2,3,0,1,0,4,0,0,0,0,0
165,1,0,0,0,0,0,1,1,1,0,1,0,2,0,0,0,0,0
166,1,0,0,0,0,0,1,1,1,0,1,3,4,0,0,0,0,0
167,1,0,0,2,0,1,2,2,2,0,3,2,2,0,0,0,0,0
168,2,0,0,2,0,2,1,1,2,0,1,2,2,0,0,0,0,0
169,3,0,0,0,0,2,3,3,2,0,1,0,4,0,0,0,0,0
170,3,0,0,0,0,2,1,1,2,0,1,0,4,0,0,0,0,0
171,2,0,0,2,0,1,2,2,2,0,1,0,4,0,0,0,0,0
172,4,0,0,0,0,2,1,3,3,0,1,1,4,0,0,0,0,0
173,1,0,0,0,0,1,1,1,2,0,1,0,4,0,0,0,0,0
174,0,2,0,0,0,1,3,4,3,0,4,1,1,0,0,0,0,0
176,1,0,0,0,0,0,1,1,0,0,1,2,1,0,0,0,0,0
177,4,0,0,0,0,1,0,1,1,0,3,2,2,0,0,0,0,0
178,1,0,0,0,0,1,1,1,1,0,1,0,2,0,0,0,0,0
179,0,0,0,0,0,2,3,3,3,0,3,1,2,0,0,0,0,0
180,0,0,0,2,0,1,3,3,3,0,3,2,2,0,0,0,0,0
181,0,0,0,2,0,0,0,0,3,0,3,4,0,0,0,1,0,0
182,0,0,0,0,0,0,0,0,3,0,3,2,1,0,0,0,0,0
183,0,0,0,2,0,0,1,1,1,0,3,3,1,0,0,0,0,0
184,0,0,0,0,0,0,0,0,0,0,4,2,0,0,1,0,0,0
185,4,0,0,0,0,0,2,1,1,0,1,3,0,0,0,0,0,0
186,4,0,0,0,0,1,2,2,2,0,1,4,0,0,0,0,0,0
187,1,1,0,0,0,2,3,4,3,0,4,0,0,0,0,0,0,0
188,0,2,0,0,0,2,3,3,3,0,4,4,4,0,0,0,0,0
189,4,0,0,0,0,2,3,4,3,0,1,0,1,0,0,0,0,0
190,4,0,0,0,0,1,0,1,3,0,1,4,0,0,0,0,0,0
191,1,0,0,0,0,0,0,0,0,0,1,2,1,0,0,0,0,0
192,2,0,0,0,0,0,0,0,3,0,1,1,0,0,0,0,0,0
193,4,0,0,0,0,2,2,2,2,0,1,2,2,0,0,0,0,0
194,0,0,0,2,0,0,0,0,1,0,3,4,0,0,0,0,0,0
195,2,0,0,0,0,0,2,2,1,0,4,1,0,0,0,1,0,0
196,3,0,0,0,0,0,0,0,1,0,3,4,0,0,0,0,0,0
197,0,0,0,2,0,0,1,1,1,0,3,2,1,1,0,0,0,0
199,1,0,0,0,0,2,3,3,3,0,3,2,3,0,0,0,0,0
200,1,0,0,0,0,0,3,2,1,0,3,2,3,0,0,0,0,0
201,3,0,0,0,0,2,3,4,3,0,3,3,3,0,0,0,0,0
202,0,0,0,2,0,0,1,1,0,0,3,2,2,0,0,0,0,0
203,1,0,0,2,0,2,2,2,1,0,3,2,1,0,0,0,0,0
204,0,0,0,2,0,0,0,0,0,0,3,2,0,0,0,0,0,0
205,3,0,0,2,0,2,1,1,0,0,1,1,2,0,0,0,0,1
206,2,0,0,2,0,1,3,2,1,0,3,3,2,0,0,0,0,0
207,0,0,0,0,0,2,2,2,2,0,3,2,2,0,0,0,0,0
208,1,0,0,0,0,1,3,2,1,0,4,2,1,0,0,0,0,0
209,0,0,0,0,0,2,3,4,3,0,4,0,3,0,0,0,0,0
210,1,1,0,0,0,2,3,2,3,0,4,0,0,0,0,0,0,0
211,2,1,0,0,0,1,3,2,1,0,3,3,1,0,0,0,0,0
212,1,0,0,2,0,0,2,0,0,0,1,1,0,0,1,0,0,0
213,3,0,0,2,0,1,0,2,0,0,1,3,3,0,0,0,0,0
214,0,0,0,2,0,1,0,2,0,0,1,0,2,0,0,0,0,0
215,2,0,0,0,0,2,3,3,2,0,3,1,1,0,0,0,0,0
216,0,0,0,0,0,2,1,0,2,0,4,3,3,0,0,0,0,0
217,0,0,0,2,0,0,0,0,0,0,1,2,2,0,0,0,0,0
218,2,0,0,2,0,2,2,0,0,0,1,0,1,0,0,0,0,0
219,4,0,0,2,0,2,3,3,2,0,1,0,1,0,0,0,0,0
220,0,0,0,2,0,0,0,0,0,0,1,0,4,0,0,0,0,0
221,0,0,0,0,0,0,3,1,3,0,3,3,1,0,1,1,0,0
222,1,0,0,0,0,0,3,3,1,0,3,3,3,0,0,0,0,0
223,0,0,0,0,0,1,2,2,3,0,3,2,2,0,0,0,0,0
224,0,0,0,0,0,0,3,1,1,0,3,3,2,0,0,0,0,0
225,0,0,0,0,0,0,0,0,1,0,1,2,0,0,1,0,0,0
226,2,0,0,0,0,2,3,3,3,0,1,0,3,0,0,0,0,0
227,1,0,0,0,0,1,3,1,1,0,1,2,0,0,0,0,0,0
228,1,0,0,0,0,0,1,1,0,0,1,0,0,0,1,0,0,0
229,2,0,0,0,0,2,3,2,2,0,1,0,2,0,0,0,0,0
230,4,0,0,0,0,2,2,3,3,0,1,0,4,0,0,0,0,0
231,4,0,0,0,0,2,2,4,3,0,1,0,4,0,0,0,0,0
232,4,0,0,0,0,2,2,4,3,0,1,0,4,0,0,0,0,0
233,1,0,0,0,0,0,0,0,0,0,1,1,0,0,0,0,0,0
234,3,0,0,0,0,2,3,3,3,0,3,2,2,0,0,0,0,0
235,3,0,0,0,0,1,3,2,2,0,1,3,2,0,0,0,0,0
236,2,0,0,0,0,1,1,2,1,0,1,1,4,0,0,0,0,0
237,2,0,0,0,0,2,1,4,0,0,1,4,4,0,0,0,0,0
238,3,0,0,0,0,1,1,4,0,0,1,0,2,0,0,0,0,0
239,3,0,0,0,0,1,1,3,0,0,1,0,2,0,0,0,0,0
240,3,0,0,0,0,2,2,3,1,0,3,1,3,0,0,0,0,0
241,3,0,0,0,0,2,3,4,3,0,3,1,3,0,0,0,0,0
242,2,0,0,0,0,0,2,2,2,0,3,0,1,0,1,0,0,0
243,3,0,0,0,0,2,3,4,3,0,3,2,0,0,0,0,0,0
244,4,0,0,0,0,2,3,3,1,0,3,1,2,0,0,0,0,0
245,0,2,0,2,0,2,3,3,2,0,4,2,1,0,0,0,0,0
246,2,0,0,0,0,2,1,1,3,0,1,0,4,0,0,0,0,0
247,2,0,0,0,0,0,0,0,3,0,1,0,1,0,0,0,0,0
248,4,0,0,0,0,2,3,3,3,0,3,0,4,0,0,0,0,0
249,4,0,0,0,0,2,3,3,3,0,3,0,4,0,0,0,0,0
250,4,0,0,0,0,2,3,3,2,0,1,2,4,0,0,0,0,0
251,2,0,0,0,0,2,1,3,1,0,1,2,4,0,0,0,0,0
252,1,0,0,0,0,0,1,1,1,0,3,2,2,0,0,0,0,0
253,3,0,0,0,0,2,3,3,3,0,3,1,2,0,0,0,0,0
254,0,0,0,2,0,0,0,0,3,0,3,4,2,0,0,0,1,0
255,0,0,0,0,0,0,3,2,2,0,3,0,1,0,0,0,1,0
256,2,0,0,0,0,2,3,4,3,0,3,3,3,0,0,0,0,0
257,0,0,0,2,0,2,2,3,3,0,3,1,2,0,0,0,0,0
258,0,0,0,2,0,2,2,3,3,0,3,2,3,0,0,0,0,0
259,0,0,0,0,0,0,2,2,3,0,3,2,3,0,0,0,0,0
260,4,2,0,0,0,2,3,3,3,0,4,1,3,0,0,0,0,0
262,4,0,0,0,0,2,3,4,3,0,1,2,2,0,0,0,0,0
263,3,0,0,0,0,2,3,4,2,0,2,1,3,0,0,0,0,0
264,1,0,0,0,0,1,2,3,1,0,2,2,3,0,0,0,0,0
265,0,0,0,0,0,1,0,1,0,0,3,3,4,0,0,0,0,0
266,1,0,0,0,0,1,2,0,3,0,4,3,4,0,0,0,0,0
267,0,0,0,0,0,1,2,0,3,0,4,3,4,0,0,0,0,0
268,2,0,0,0,0,2,3,4,3,0,1,0,4,0,0,0,0,0
269,3,0,0,0,0,2,3,2,1,0,1,2,2,0,0,0,0,0
270,0,0,0,2,0,0,1,2,1,0,2,2,3,0,0,0,0,0
271,1,0,0,0,0,1,0,0,0,0,1,2,2,0,0,0,0,0
272,2,0,0,0,0,2,2,1,1,0,1,0,4,0,0,0,0,0
273,2,0,0,0,0,0,1,1,0,0,1,1,1,0,0,0,0,0
274,1,0,0,0,0,0,0,0,0,0,1,1,0,0,0,0,0,0
275,4,0,0,0,0,2,3,4,3,0,3,0,4,0,0,0,0,0
276,3,0,0,0,0,2,2,4,2,0,1,3,3,0,0,0,0,0
277,3,0,0,0,0,2,3,4,3,0,1,2,4,0,0,0,0,0
278,1,0,0,0,0,0,0,1,0,0,1,3,0,1,0,0,0,0
279,3,0,0,0,0,2,3,3,3,0,1,0,0,0,0,0,0,0
280,0,0,0,0,0,0,1,1,2,0,2,2,1,0,0,0,0,0
281,4,0,0,0,0,1,1,2,2,0,1,2,0,0,0,0,0,0
282,1,0,0,0,0,0,0,0,0,0,1,2,0,0,1,0,0,0
283,3,0,0,0,0,2,3,2,3,0,1,0,3,0,0,0,0,0
284,3,0,0,0,0,2,3,4,2,0,1,0,2,0,0,0,0,1
285,3,0,0,0,0,2,0,0,1,0,1,0,1,0,0,0,0,0
286,0,2,0,0,0,2,3,4,3,0,4,3,2,0,0,0,0,0
287,0,0,0,2,0,0,1,2,0,0,2,3,2,0,0,0,0,0
288,1,0,0,0,0,2,2,3,3,0,4,2,3,0,0,0,0,0
289,1,0,0,0,0,2,2,4,2,0,4,2,2,0,0,0,0,0
290,3,0,0,0,0,0,1,1,0,0,1,2,0,0,0,0,0,0
291,1,0,0,0,0,0,2,1,0,0,2,4,0,0,0,0,0,0
292,2,0,0,0,0,0,2,1,3,0,2,2,0,0,0,0,0,0
293,2,2,0,0,0,1,2,0,3,0,4,4,3,0,0,0,0,0
294,1,2,0,0,0,1,2,0,3,0,4,4,3,0,0,0,0,0
295,2,0,0,2,0,2,2,2,2,0,3,2,2,0,0,0,0,0
296,1,0,0,2,0,2,1,4,0,0,3,2,1,0,0,0,0,0
297,2,0,0,2,0,2,0,2,0,0,1,3,4,0,0,0,0,0
298,2,0,0,0,0,2,3,4,3,0,2,3,3,0,0,0,0,0
299,0,2,0,0,0,0,1,1,1,0,4,0,2,0,0,0,0,0
300,3,0,0,0,0,2,3,4,3,0,2,1,2,0,0,0,0,0
301,1,0,0,0,0,0,0,1,1,0,2,2,2,0,0,0,0,0
302,3,0,0,2,0,0,0,1,1,0,1,2,1,0,1,0,0,0
303,0,0,0,2,0,0,1,1,0,0,2,2,3,0,0,0,0,0
304,1,0,0,0,0,1,3,3,2,0,2,1,3,0,0,0,0,0
305,2,0,0,0,0,2,3,4,3,0,2,0,1,0,0,0,0,0
306,1,0,0,2,0,0,1,0,0,0,1,0,0,0,0,0,0,0
307,3,0,0,0,0,1,0,1,1,0,1,0,1,0,0,0,0,0
308,2,0,0,0,0,1,2,2,2,0,2,2,2,0,0,0,0,0
309,1,0,0,2,0,0,0,0,0,0,1,0,0,0,0,0,0,0
311,0,0,0,0,0,0,2,1,1,0,1,0,0,1,0,0,0,0
312,3,0,0,2,0,0,1,0,1,0,1,1,0,0,0,0,0,0
313,3,0,0,0,0,2,2,3,3,0,1,0,1,0,0,0,0,0
314,3,0,0,2,0,2,2,3,3,0,1,2,2,0,0,0,0,0
315,3,0,0,2,0,2,1,1,3,0,1,2,1,1,0,0,0,0
316,0,0,0,0,0,2,3,4,3,0,4,4,3,0,0,0,0,0
317,0,0,0,0,0,2,3,4,3,0,4,4,3,0,0,0,0,0
318,1,0,0,0,0,2,3,2,2,0,1,3,2,0,0,0,0,0
319,0,0,0,2,0,0,0,0,0,0,1,2,0,0,0,1,0,1
320,0,0,0,0,0,0,2,1,1,0,4,2,3,0,0,0,0,0
321,3,0,0,0,0,1,1,2,2,0,1,0,1,0,0,0,0,0
322,4,0,0,0,0,2,2,3,3,0,1,1,4,0,0,0,0,0
323,2,0,0,0,0,2,3,2,3,0,1,0,3,0,0,0,0,0
324,4,0,0,2,0,1,0,2,1,0,1,0,0,0,1,0,0,0
325,2,0,0,2,0,2,3,4,2,0,1,2,4,0,0,0,0,0
326,3,0,0,0,0,1,2,2,2,0,1,0,3,0,0,0,0,0
327,2,0,0,0,0,2,2,3,1,0,1,2,1,0,0,0,0,0
328,2,0,0,2,0,4,4,4,3,0,1,2,0,0,0,0,0,0
329,4,0,0,2,0,2,3,4,2,0,1,4,4,0,0,0,0,0
330,3,0,0,2,0,2,3,3,2,0,1,0,1,0,0,0,0,0
331,4,0,0,2,0,2,1,1,2,0,0,1,1,0,0,0,0,0
332,4,0,0,2,0,2,2,1,1,0,0,1,0,0,0,0,0,0
333,2,0,0,0,0,0,0,0,0,0,0,0,0,0,0,0,0,0
334,3,0,0,2,0,2,3,3,3,0,0,0,2,0,0,0,0,0
335,2,0,0,0,0,1,2,2,2,0,0,2,2,0,0,0,0,0
336,0,0,0,2,0,0,0,0,1,0,0,0,0,0,0,0,0,0
337,1,0,0,2,0,0,0,0,0,0,0,2,0,0,0,0,0,1
338,1,0,0,2,0,2,3,4,2,0,0,1,1,0,0,0,0,0
339,4,0,0,2,0,2,1,2,3,0,0,1,4,0,0,0,0,0
341,2,0,0,2,0,1,2,3,3,0,2,1,2,0,0,0,0,0
342,1,0,0,0,0,2,3,4,2,0,0,1,2,0,0,0,0,0
343,2,0,0,2,0,1,1,3,1,0,2,2,3,0,0,0,0,0
344,4,0,0,0,0,2,3,4,3,0,4,2,2,0,0,0,0,0
345,0,0,0,2,0,0,0,0,0,0,2,1,0,0,0,0,0,0
346,0,0,0,0,0,1,1,3,2,0,2,4,1,0,0,0,0,0
347,1,0,0,0,0,0,2,1,2,0,4,2,3,0,0,0,0,0
348,0,0,0,2,0,0,0,0,2,0,2,2,2,0,0,0,0,0
349,0,0,0,0,0,1,1,1,0,0,2,4,0,0,0,0,0,0
350,4,2,0,0,0,2,4,4,3,0,4,3,3,0,0,0,0,0
351,0,2,0,0,0,2,2,1,3,0,4,2,2,0,0,0,0,0
352,0,0,0,0,0,2,3,3,3,0,2,1,1,0,0,0,0,0
354,1,0,0,0,0,1,3,3,3,0,3,2,4,0,0,0,0,0
355,1,0,0,0,0,1,2,2,3,0,4,4,3,0,0,0,0,0
356,2,0,0,0,0,2,3,1,3,0,0,2,0,0,0,0,0,0
357,4,0,0,0,0,2,3,4,3,0,3,1,4,0,0,0,0,0
358,0,0,0,0,0,2,3,3,3,0,3,0,1,0,0,0,0,0
360,2,0,0,0,0,0,1,0,1,0,0,0,0,0,0,0,0,0
361,0,0,0,0,0,2,3,4,3,0,3,4,3,0,0,0,0,0
362,0,0,0,0,0,2,3,4,3,0,3,4,3,0,0,0,0,0
363,4,2,0,0,0,2,4,4,3,0,4,3,3,0,0,0,0,0
364,4,0,0,0,0,2,3,3,3,0,4,2,2,0,0,0,0,0
365,3,0,0,0,0,1,3,3,3,0,4,2,2,0,0,0,0,0
366,1,0,0,0,0,1,3,3,3,0,3,0,2,0,0,0,0,0
367,2,0,0,0,0,2,1,3,1,0,2,3,4,0,0,0,0,0
368,2,0,0,0,0,2,0,3,1,0,2,2,2,1,0,0,0,0
369,2,0,0,0,0,2,3,2,1,0,3,1,1,0,1,0,0,0
370,0,2,0,2,0,2,3,3,3,0,4,0,4,0,0,0,0,0
371,1,0,0,0,0,2,3,3,3,0,3,2,1,0,0,0,0,0
372,0,0,0,2,0,1,2,4,3,0,2,2,2,0,0,0,0,0
373,3,0,0,0,0,0,2,4,3,0,3,4,4,0,0,0,0,0
374,0,0,0,2,0,0,0,0,2,0,2,4,2,0,0,0,0,0
375,0,0,0,2,0,0,0,0,0,0,4,4,1,0,0,0,0,0
376,4,0,0,2,0,1,0,2,0,0,0,3,4,0,0,0,0,0
377,1,0,0,0,0,2,3,4,3,0,2,2,3,0,0,0,0,0
378,1,0,0,0,0,0,1,0,3,0,2,3,3,0,0,0,0,0
379,1,0,0,0,0,2,0,1,2,0,0,1,3,0,0,0,0,0
380,4,0,0,0,0,2,2,3,3,0,2,2,4,0,0,0,0,0
381,0,0,0,2,0,1,3,3,3,0,2,2,1,0,0,0,0,0
382,0,0,0,0,0,1,0,0,0,0,2,1,0,0,0,0,0,0
383,0,0,0,2,0,2,2,2,1,0,2,2,2,0,0,0,0,0
384,1,0,0,0,0,2,3,4,3,0,2,2,4,0,0,0,0,0
385,1,0,0,0,0,2,3,4,2,0,2,3,4,0,0,0,0,0
386,3,2,0,0,0,2,3,4,3,0,4,3,4,0,0,0,0,0
387,1,0,0,2,0,2,3,4,2,0,2,2,4,0,0,0,0,0
388,3,0,0,0,0,2,3,4,3,0,0,0,4,0,0,0,0,0
389,0,0,0,2,0,0,0,1,1,0,2,2,1,0,0,0,0,0
390,0,0,0,2,0,1,3,1,1,0,4,4,1,0,0,0,0,0
391,1,0,0,0,0,0,0,0,0,0,0,1,0,0,0,0,0,0
392,0,0,0,0,0,0,1,1,1,0,2,2,1,0,0,0,0,0
393,1,0,0,0,0,2,3,4,3,0,2,2,3,0,0,0,0,0
394,2,0,0,2,0,2,3,4,3,0,2,2,2,0,0,0,0,0
395,1,0,0,2,0,2,3,2,1,0,0,2,0,0,0,0,0,0
396,2,0,0,2,0,0,0,0,0,0,4,4,3,0,0,0,0,0
397,1,0,0,0,0,1,3,0,3,0,4,4,3,0,0,0,0,0
398,0,2,0,0,0,2,3,3,3,0,4,2,4,0,0,0,0,0
399,2,2,0,0,0,2,3,2,1,0,4,4,3,0,0,0,0,0
400,3,0,0,0,0,2,3,3,2,0,0,0,1,0,0,0,0,0
401,4,0,0,0,0,0,0,1,1,0,0,2,1,0,0,0,0,0
402,2,0,0,2,0,2,2,3,3,0,0,1,4,0,0,0,0,0
403,4,0,0,2,0,2,2,3,3,0,0,0,4,0,0,0,0,0
404,4,0,0,2,0,1,1,3,2,0,0,0,1,0,1,0,0,0
405,2,0,0,0,0,2,2,4,2,0,0,1,1,0,0,0,0,0
406,4,2,0,0,0,1,2,1,1,0,4,2,2,0,0,0,0,0
407,4,0,0,0,0,1,2,2,1,0,0,0,0,0,0,0,0,0
408,4,0,0,2,0,2,3,4,3,0,0,2,1,0,0,0,0,0
409,4,0,0,2,0,2,3,4,2,0,0,2,1,0,0,0,0,0
410,4,0,0,2,0,0,1,1,0,0,0,0,0,0,0,0,0,0
411,4,0,0,2,0,1,1,1,1,0,0,1,0,0,0,0,0,0
412,4,0,0,2,0,2,2,4,2,0,0,2,4,0,0,0,0,0
413,0,0,0,0,0,1,0,0,2,0,4,4,3,0,0,0,0,0
414,4,0,0,0,0,0,1,2,1,0,0,0,1,0,0,0,0,0
415,2,0,0,0,0,1,3,3,3,0,0,0,1,0,0,0,0,0
416,2,0,0,0,0,2,2,2,1,0,0,0,1,0,0,0,0,0
417,3,0,0,0,0,1,2,1,0,0,0,0,0,0,0,0,0,0
418,1,0,0,0,0,2,3,4,3,0,0,1,0,0,0,0,0,0
419,3,0,0,0,0,0,0,1,1,0,4,4,3,0,0,0,0,0
420,4,0,0,0,0,2,3,4,1,0,4,1,1,0,0,0,0,0
421,3,0,0,0,0,2,3,3,2,0,0,1,1,0,0,0,0,0
422,0,0,0,0,0,0,0,0,0,0,4,0,2,0,0,0,0,0
423,1,0,0,0,0,1,2,4,3,0,4,2,3,0,0,0,0,0
424,3,0,0,2,0,2,2,3,3,0,0,1,2,0,0,0,0,0
425,4,0,0,0,0,2,3,4,3,0,4,2,3,0,0,0,0,0
426,3,0,0,0,0,4,4,4,3,0,4,2,3,0,0,0,0,0
427,4,0,0,0,0,2,3,4,3,0,3,2,3,0,0,0,0,0
429,4,0,0,0,0,2,3,4,3,0,0,0,1,0,0,0,0,0
430,0,0,0,2,0,1,0,0,2,0,2,3,1,0,0,0,0,0
431,3,2,0,0,0,0,1,0,0,0,4,3,2,0,0,0,0,0
432,4,0,0,2,0,2,3,2,3,0,0,0,4,0,0,0,0,0
433,0,0,0,0,0,1,1,3,3,0,2,1,3,0,0,0,0,0
434,4,0,0,2,0,2,1,1,2,0,0,2,4,0,0,0,0,0
435,1,0,0,2,0,2,1,1,2,0,0,0,1,0,0,0,0,0
436,2,0,0,2,0,0,0,0,1,0,0,1,0,0,0,1,0,0
437,2,0,0,0,0,0,1,1,0,0,2,3,2,0,0,0,0,0
438,2,0,0,2,0,0,0,0,0,0,0,0,0,0,0,0,0,1
439,3,0,0,2,0,2,2,2,1,0,2,2,3,0,0,0,0,0
440,2,0,0,0,0,1,3,3,2,0,2,1,0,0,0,0,0,0
441,4,0,0,0,0,2,3,4,3,0,2,3,3,0,0,0,0,0
442,3,0,0,2,0,1,1,1,0,0,0,0,1,0,0,0,0,1
443,1,0,0,2,0,2,3,3,3,0,2,2,1,0,0,0,0,0
444,1,0,0,0,0,2,2,3,2,0,2,2,4,0,0,0,0,0
445,3,0,0,0,0,2,3,3,3,0,0,1,1,0,0,0,0,0
446,1,0,0,0,0,1,2,1,1,0,0,1,0,0,0,0,0,0
447,3,0,0,0,0,2,3,4,2,0,4,4,3,0,0,0,0,0
448,1,0,0,2,0,1,3,2,2,0,2,1,1,0,0,0,0,0
449,2,2,0,0,0,2,1,2,1,0,4,0,2,0,0,0,0,0
450,0,0,0,0,0,1,1,1,3,0,4,0,3,0,0,0,0,0
451,2,0,0,0,0,2,3,3,3,0,4,0,3,0,0,0,0,0
452,1,0,0,2,0,2,2,3,2,0,2,2,1,0,0,0,0,0
453,0,0,0,2,0,0,2,1,1,0,4,4,4,0,0,0,0,0
454,0,2,0,2,0,0,1,1,2,0,4,1,1,0,0,0,0,0
456,3,0,0,0,0,2,3,2,1,0,0,0,2,0,0,0,0,0
458,0,0,0,2,0,1,1,2,2,0,2,1,3,0,0,0,0,0
459,0,0,0,0,0,2,1,1,2,0,2,2,1,0,0,0,0,0
460,0,0,0,2,0,1,1,1,3,0,2,2,3,0,0,0,0,0
461,4,0,0,0,0,2,3,3,3,0,0,2,4,0,0,0,0,0
462,2,0,0,2,0,2,1,3,1,0,0,3,4,0,0,0,0,0
463,3,0,0,2,0,2,3,4,2,0,0,4,0,0,0,0,0,0
464,2,0,0,2,0,2,3,2,1,0,0,0,4,0,0,0,0,0
465,2,0,0,2,0,2,2,2,1,0,0,0,2,0,0,0,0,0
466,4,0,0,2,0,2,2,1,1,0,0,0,1,0,0,0,0,0
467,3,2,0,0,0,0,3,1,3,0,4,2,2,0,0,0,0,0
468,2,0,0,2,0,0,2,1,0,0,0,0,0,0,0,0,0,1
469,0,0,0,0,0,2,3,3,2,0,4,1,0,0,0,0,0,0
471,0,0,0,0,0,2,2,2,3,0,4,2,2,0,0,0,0,0
472,3,0,0,0,0,2,2,2,2,0,0,1,2,0,0,0,0,0
474,0,2,0,0,0,2,3,4,3,0,4,4,4,0,0,0,0,0
475,1,0,0,2,0,2,0,2,0,0,2,2,2,0,0,0,0,0
476,3,0,0,2,0,1,1,1,0,0,0,1,0,0,0,0,0,1
477,3,0,0,2,0,2,2,4,3,0,0,0,4,0,0,0,0,0
478,3,0,0,2,0,2,2,4,3,0,0,0,4,0,0,0,0,0
479,0,0,0,0,0,2,0,2,1,0,4,0,3,0,0,0,0,0
480,2,0,0,2,0,2,3,4,3,0,0,0,4,0,0,0,0,0
481,1,0,0,2,0,4,4,4,3,0,3,0,3,0,0,0,0,0
482,0,0,0,0,0,2,3,4,3,0,4,3,3,0,0,0,0,0
483,4,0,0,2,0,0,3,1,1,0,3,0,3,0,0,0,0,0
484,2,0,0,2,0,1,3,1,0,0,3,4,3,0,0,0,0,0
485,0,2,0,0,0,2,3,4,3,0,4,2,4,0,0,0,0,0
486,4,0,0,2,0,2,2,4,3,0,0,0,3,0,0,0,0,0
487,0,0,0,0,0,2,2,2,2,0,2,0,2,0,0,0,0,0
488,0,0,0,0,0,0,1,1,3,0,4,3,1,0,0,0,0,0
491,3,0,0,0,0,2,3,4,2,0,4,2,0,0,0,0,0,0
492,0,0,0,2,0,0,0,0,2,0,2,1,1,0,0,0,0,0
493,0,0,0,2,0,2,2,2,3,0,2,1,2,0,0,0,0,0
494,3,0,0,0,0,2,2,2,2,0,2,2,4,0,0,0,0,0
495,0,0,0,0,0,0,1,2,1,0,2,3,2,0,0,0,0,0
496,2,0,0,0,0,0,2,2,2,0,4,2,3,0,0,0,0,0
497,0,0,0,2,0,1,2,2,2,0,3,2,3,0,0,0,0,0
498,1,0,0,2,0,2,2,4,1,0,3,4,3,0,0,0,0,0
499,2,0,0,2,0,1,0,0,0,0,0,1,0,0,0,0,0,0
500,0,0,0,0,0,1,2,1,2,0,4,2,2,0,0,0,0,0
501,1,0,0,0,0,0,0,0,0,0,4,4,4,0,0,0,0,0
502,0,0,0,0,0,2,2,1,1,0,4,0,4,0,0,0,0,0
503,0,0,0,0,0,2,3,4,3,0,2,4,3,0,0,0,0,0
506,0,0,0,2,0,2,1,1,1,0,2,0,1,0,0,0,0,0
508,0,0,0,0,0,2,0,0,3,0,2,4,0,0,0,0,0,0
509,0,0,0,2,0,1,3,0,0,0,4,4,2,0,0,0,1,0
511,0,0,0,0,0,2,1,0,0,0,2,0,1,0,0,0,0,0
512,0,0,0,0,0,2,1,2,3,0,2,2,3,0,0,0,0,0
513,0,0,0,2,0,2,0,0,3,0,4,3,3,0,0,0,0,0
514,0,0,0,0,0,2,2,2,3,0,4,3,3,0,0,0,0,0
515,4,2,0,0,0,2,3,4,3,0,4,4,4,0,0,0,0,0
516,4,0,0,0,0,2,2,2,2,0,2,1,2,0,0,0,0,0
518,1,0,0,2,0,0,0,0,0,0,4,4,3,0,0,0,0,0
519,1,0,0,2,0,1,0,0,0,0,0,4,1,0,0,0,0,0
521,0,2,0,2,0,2,3,2,2,0,4,2,2,0,0,0,0,0
522,3,0,0,2,0,2,3,3,2,0,2,2,2,0,0,0,0,0
523,1,0,0,2,0,0,0,1,0,0,0,1,0,0,0,0,0,0
524,4,0,0,2,0,1,1,2,2,0,0,0,1,0,0,0,0,0
525,2,0,0,2,0,2,3,3,2,0,0,0,1,0,0,0,0,0
526,4,0,0,0,0,0,1,0,1,0,3,4,3,0,0,0,0,0
527,0,0,0,2,0,2,0,0,1,0,3,4,3,0,0,0,0,0
528,3,0,0,2,0,2,1,1,2,0,2,3,4,0,0,0,0,0
529,2,0,0,2,0,2,2,3,2,0,1,2,2,0,0,0,0,0
530,2,0,0,2,0,1,0,1,0,0,1,3,2,0,0,0,0,0
531,2,0,0,2,0,2,3,2,2,0,1,0,2,0,0,0,0,0
532,0,0,0,2,0,2,2,2,3,0,1,3,4,0,0,0,0,0
533,4,0,0,2,0,1,2,2,1,0,0,2,0,0,0,0,0,0
534,4,0,0,0,0,2,3,3,2,0,1,0,4,0,0,0,0,0
535,4,0,0,2,0,2,3,3,3,0,1,2,4,0,0,0,0,0
536,4,0,0,2,0,2,3,3,2,0,1,0,3,0,0,0,0,0
537,3,0,0,2,0,2,3,3,2,0,0,3,1,0,0,0,0,0
538,4,0,0,2,0,2,2,3,2,0,0,0,2,0,0,0,0,0
539,4,0,0,2,0,2,1,3,2,0,1,2,4,0,0,0,0,0
