日期,ndcg,mrr,kendall_tau_distance
2016-03-30,0.7527506211963949,0.25,0.5
2016-03-31,0.7219360228873333,0.5,0.6666666666666666
2016-04-01,1.0,1.0,0
2016-04-02,1.0,1.0,0.0
2016-04-04,1.0,0.3333333333333333,0.0
2016-04-05,0.9629027936988324,1.0,0.3
2016-04-06,0.8161222180145136,0.5,0.37777777777777777
2016-04-07,0.96796479208774,0.14285714285714285,0.29523809523809524
2016-04-08,0.7646688114493494,0.16666666666666666,0.2857142857142857
2016-04-11,0.8870370397977525,0.5,0.15151515151515152
2016-04-14,0.851840541315001,0.3333333333333333,0.14102564102564102
2016-04-15,0.8792905228991097,0.5,0.022222222222222223
2016-04-16,0.8812371083505206,0.1111111111111111,0.2222222222222222
2016-04-18,0.8718551335616019,0.3333333333333333,0.43333333333333335
2016-04-19,0.7520096517356243,0.2,0.47058823529411764
2016-04-20,0.921434229329051,1.0,0.40441176470588236
2016-04-21,0.7477658084446928,0.2,0.26811594202898553
2016-04-22,0.875072888868201,0.09090909090909091,0.38461538461538464
2016-04-23,0.8761602796854936,0.09090909090909091,0.18181818181818182
2016-04-24,0.9463549536401503,0.08333333333333333,0.16666666666666666
2016-04-25,0.8132152282643536,0.07142857142857142,0.27472527472527475
2016-04-26,0.7729569096402641,0.5,0.3526315789473684
2016-04-27,0.6925870484553754,0.3333333333333333,0.29523809523809524
2016-04-28,0.9849236066532849,0.25,0.12380952380952381
2016-04-29,0.7701267689581671,0.08333333333333333,0.30303030303030304
2016-04-30,1.0,0.1,0.0
2016-05-02,0.8761602796854936,0.09090909090909091,0.18181818181818182
2016-05-03,0.9095217165195718,1.0,0.2904761904761905
2016-05-04,0.6837139983079272,0.14285714285714285,0.3333333333333333
2016-05-05,0.8596617250118351,0.25,0.2727272727272727
2016-05-06,0.6918609796315974,0.1111111111111111,0.39166666666666666
2016-05-07,0.8763048947586967,0.3333333333333333,0.07142857142857142
2016-05-08,0.8447122853992027,0.2,0.4
2016-05-09,0.9870040971130891,0.5,0.3333333333333333
2016-05-10,0.9919824020723507,1.0,0.20952380952380953
2016-05-11,0.7489820423760474,0.5,0.22794117647058823
2016-05-12,0.788732125016819,0.5,0.18181818181818182
2016-05-13,1.0,0.1,0.0
2016-05-14,1.0,0.07142857142857142,0.0
2016-05-15,1.0,0.06666666666666667,0.0
2016-05-16,0.7796383802332746,0.5,0.017543859649122806
2016-05-17,0.6977407827220315,0.3333333333333333,0.19473684210526315
2016-05-18,0.7795004715986926,0.16666666666666666,0.2631578947368421
2016-05-19,0.9390539298511408,1.0,0.27450980392156865
2016-05-20,0.9728671727504064,1.0,0.20588235294117646
2016-05-21,0.8874598681821451,0.07142857142857142,0.14285714285714285
2016-05-23,0.9507647299922027,0.06666666666666667,0.125
2016-05-24,0.9271038299712475,0.3333333333333333,0.21323529411764705
2016-05-25,0.8622632741102809,0.07692307692307693,0.4166666666666667
2016-05-26,0.9487182131182001,1.0,0.2766798418972332
2016-05-27,0.8342168758229858,0.07692307692307693,0.2857142857142857
2016-05-28,0.8352935344391809,0.09090909090909091,0.32727272727272727
2016-05-29,0.8210488861114438,0.08333333333333333,0.4090909090909091
2016-05-30,0.985691985043956,0.3333333333333333,0.2426470588235294
2016-06-01,1.0,1.0,0.0
2016-06-02,0.8259929531987075,0.25,0.37254901960784315
2016-06-03,0.8855013421015205,0.25,0.34615384615384615
2016-06-04,0.8562598709549917,0.14285714285714285,0.2857142857142857
2016-06-06,0.9792571911653246,1.0,0.36363636363636365
2016-06-07,0.9694302401356976,0.09090909090909091,0.32727272727272727
2016-06-08,0.8759477564830568,0.25,0.2948717948717949
2016-06-09,1.0,0.1111111111111111,0.0
2016-06-10,0.7244749309600284,0.5,0.16666666666666666
2016-06-11,0.7137044894622581,0.07692307692307693,0.2948717948717949
2016-06-12,0.7234623978082333,0.06666666666666667,0.2571428571428571
2016-06-13,0.8464126574707836,0.07142857142857142,0.26373626373626374
2016-06-14,0.8148667355142128,0.0625,0.5
2016-06-15,0.7202701073567711,0.125,0.373015873015873
2016-06-16,0.6783279525132224,0.16666666666666666,0.41534391534391535
2016-06-17,0.6491322913588501,0.2,0.25146198830409355
2016-06-18,1.0,1.0,0.0
2016-06-20,1.0,1.0,0.0
2016-06-21,0.8102608209975432,0.3333333333333333,0.2875816993464052
2016-06-22,0.7338155611702923,0.058823529411764705,0.2253711201079622
2016-06-23,0.712215344894595,0.25,0.18153846153846154
2016-06-24,0.6890387538853098,0.2,0.3446153846153846
2016-06-25,0.9549368098056149,0.2,0.225
2016-06-26,0.8529169840657383,0.06666666666666667,0.24761904761904763
2016-06-27,0.9820886845243524,0.5,0.2549019607843137
2016-06-28,0.8128389998725121,0.1111111111111111,0.2246376811594203
2016-06-29,0.760038765124219,0.09090909090909091,0.20499108734402852
2016-06-30,0.9594936745331544,1.0,0.24175824175824176
2016-07-01,0.8247386674462519,0.16666666666666666,0.16017316017316016
2016-07-02,0.9482246136335265,0.07142857142857142,0.14285714285714285
2016-07-03,0.9496947515015315,0.0625,0.23333333333333334
2016-07-04,0.8786792086181063,0.5,0.3464052287581699
2016-07-05,0.9687640796496556,0.5,0.19117647058823528
2016-07-06,0.7658316923582069,0.125,0.21014492753623187
2016-07-07,0.7184262818831852,0.1,0.21014492753623187
2016-07-08,0.7809492172653125,0.25,0.1568627450980392
2016-07-09,0.83307960927201,0.3333333333333333,0.16666666666666666
2016-07-10,0.8944579558623875,0.07692307692307693,0.15384615384615385
2016-07-11,0.6808729500438581,0.25,0.2714285714285714
2016-07-12,0.8345730842551964,0.0625,0.5151515151515151
2016-07-13,0.9439986129646599,1.0,0.47883597883597884
2016-07-14,0.9477776852782751,1.0,0.4533333333333333
2016-07-15,0.9031452957547128,1.0,0.27485380116959063
2016-07-16,1.0,1.0,0.0
2016-07-17,1.0,0.5,0.0
2016-07-18,0.8630401311114979,0.2,0.08333333333333333
2016-07-19,0.8543579238265928,0.05555555555555555,0.29411764705882354
2016-07-20,0.9684778136412184,0.1111111111111111,0.23218390804597702
2016-07-21,0.8526477895342045,0.037037037037037035,0.29064039408866993
2016-07-22,0.7883438689731412,0.14285714285714285,0.1774891774891775
2016-07-24,0.8874598681821451,0.07142857142857142,0.14285714285714285
2016-07-25,0.983038844618832,0.04,0.16666666666666666
2016-07-26,0.8945859419647009,0.05,0.24285714285714285
2016-07-27,0.9666109743226537,1.0,0.2942528735632184
2016-07-28,0.723895455821632,0.14285714285714285,0.2660098522167488
2016-07-29,0.7036805416116456,0.0625,0.20075757575757575
2016-07-30,0.9641643343563991,0.058823529411764705,0.22058823529411764
2016-07-31,0.9816918759379795,1.0,0.3157894736842105
2016-08-01,0.9566178681478643,1.0,0.40441176470588236
2016-08-02,0.9837350211490353,1.0,0.12087912087912088
2016-08-03,0.9787092246193357,1.0,0.19852941176470587
2016-08-04,0.8815036611494497,0.14285714285714285,0.19480519480519481
2016-08-05,0.6368528452500178,0.09090909090909091,0.17666666666666667
2016-08-06,0.9696296440551314,0.05555555555555555,0.1111111111111111
2016-08-08,0.7791845437560162,0.3333333333333333,0.09523809523809523
2016-08-09,0.9291909902900026,0.25,0.1
2016-08-10,0.7877888640567062,0.16666666666666666,0.2554112554112554
2016-08-11,0.8803515691179706,0.5,0.08333333333333333
2016-08-12,0.9395003616028944,0.3333333333333333,0.09523809523809523
2016-08-13,0.9375502633478091,0.25,0.09090909090909091
2016-08-15,0.8472273140106318,0.25,0.09057971014492754
2016-08-16,1.0,1.0,0.0
2016-08-17,0.7480479234316857,0.25,0.18095238095238095
2016-08-18,0.9805302138826891,1.0,0.17142857142857143
2016-08-19,0.8750192456779131,0.14285714285714285,0.25925925925925924
2016-08-20,1.0,0.043478260869565216,0.0
2016-08-21,1.0,0.041666666666666664,0.0
2016-08-22,0.6148679283077728,0.16666666666666666,0.19770114942528735
2016-08-23,0.8241688616018756,0.25,0.2988505747126437
2016-08-24,0.9066758845356043,0.125,0.20935960591133004
2016-08-25,0.6694431311549984,0.2,0.18571428571428572
2016-08-27,0.8965141448999306,0.058823529411764705,0.11764705882352941
2016-08-28,0.9068951350110229,0.05555555555555555,0.1111111111111111
2016-08-29,0.8712133365038757,0.2,0.15810276679841898
2016-08-30,0.9277168078338097,0.058823529411764705,0.19883040935672514
2016-08-31,0.9875748912594607,0.05,0.1
2016-09-01,0.7585574122789219,0.125,0.19373219373219372
2016-09-02,0.9935460678591982,0.25,0.13043478260869565
2016-09-05,0.770415369356296,0.3333333333333333,0.16307692307692306
2016-09-06,0.69929484359392,0.25,0.2318840579710145
2016-09-07,0.8550369089351222,0.16666666666666666,0.18840579710144928
2016-09-08,0.7299546608158357,0.5,0.19883040935672514
2016-09-09,0.7282863657818116,0.25,0.16883116883116883
2016-09-11,0.8450958192996118,0.047619047619047616,0.3238095238095238
2016-09-12,0.7097619843304358,0.25,0.34782608695652173
2016-09-13,0.8808283086624085,0.058823529411764705,0.22058823529411764
2016-09-14,0.6911267248385489,0.05,0.4263157894736842
2016-09-15,1.0,0.058823529411764705,0.0
2016-09-16,1.0,0.05555555555555555,0.0
2016-09-18,0.8682604757557639,0.05,0.18095238095238095
2016-09-19,0.8556394142203376,0.045454545454545456,0.22826086956521738
2016-09-20,0.8608515520258065,0.05,0.22
2016-09-23,1.0,0.05,0.0
2016-09-24,1.0,0.047619047619047616,0.0
2016-09-27,1.0,1.0,0.0
2016-09-28,1.0,1.0,0.0
2016-09-29,1.0,0.05555555555555555,0.0
2016-09-30,1.0,1.0,0.0
2016-10-01,1.0,0.0625,0.0
2016-10-02,1.0,0.058823529411764705,0.0
2016-10-03,0.8621260398908293,0.05263157894736842,0.19883040935672514
2016-10-04,0.8657460469874723,0.05263157894736842,0.18947368421052632
2016-10-05,0.8491326830884306,0.045454545454545456,0.24675324675324675
2016-10-06,0.9152822701023697,0.05,0.09090909090909091
2016-10-07,0.9140708646912098,0.047619047619047616,0.16600790513833993
2016-10-08,0.7840047870192562,0.5,0.08333333333333333
2016-10-09,0.7713879550070221,0.5,0.08695652173913043
2016-10-10,0.8496227298015085,0.041666666666666664,0.15579710144927536
2016-10-11,0.8525271170822397,0.3333333333333333,0.08
2016-10-12,0.8740623058829377,0.04,0.07142857142857142
2016-10-13,0.9340011711739107,0.03225806451612903,0.0625
2016-10-14,0.9267490306842231,0.030303030303030304,0.1140819964349376
2016-10-15,0.9227917055544385,0.03225806451612903,0.06451612903225806
2016-10-16,0.918093939414207,0.03125,0.11742424242424243
2016-10-17,0.9207953606767826,0.03125,0.11092436974789915
2016-10-18,0.9629437571124922,0.5,0.06896551724137931
2016-10-20,0.7564254894869342,0.25,0.06451612903225806
2016-10-21,1.0,0.034482758620689655,0.0
2016-10-24,0.939540943516868,0.25,0.1140819964349376
2016-10-26,0.9179821126955818,0.02857142857142857,0.11092436974789915
2016-10-27,0.731453823447453,0.2,0.05121951219512195
2016-10-28,0.8275714562711092,0.25,0.00975609756097561
2016-10-30,1.0,0.5,0.0
2016-10-31,0.9240019645692936,0.25,0.05555555555555555
2016-11-01,0.8961608737836961,0.030303030303030304,0.11742424242424243
2016-11-02,0.9780438008333826,1.0,0.09957325746799431
2016-11-03,0.9352727107928348,0.3333333333333333,0.008403361344537815
2016-11-04,0.7397181198545453,0.2,0.018018018018018018
2016-11-07,0.982658077326578,1.0,0.06878306878306878
2016-11-08,0.8165714266595047,0.03225806451612903,0.18064516129032257
2016-11-09,0.9598102055480718,0.030303030303030304,0.15151515151515152
2016-11-10,0.9580684367142472,0.04,0.07692307692307693
2016-11-11,1.0,0.037037037037037035,0.0
2016-11-13,1.0,0.037037037037037035,0.0
2016-11-14,0.9220394534768676,0.5,0.06666666666666667
2016-11-15,0.9175955949737179,0.5,0.07692307692307693
2016-11-16,0.9142429928958998,0.25,0.07126436781609195
2016-11-17,0.9955010274235473,0.1111111111111111,0.06896551724137931
2016-11-18,0.9913989085043081,0.14285714285714285,0.07142857142857142
2016-11-19,0.9400893537887224,0.037037037037037035,0.20512820512820512
2016-11-20,0.9411790263893677,0.037037037037037035,0.1984126984126984
2016-11-21,0.6190115150729211,0.125,0.18181818181818182
2016-11-23,0.9361674855062283,0.25,0.08333333333333333
2016-11-24,0.97815459820318,0.1,0.13227513227513227
2016-11-25,1.0,0.5,0.0
2016-11-26,0.7021795194802126,0.16666666666666666,0.08
2016-11-27,0.9466976514390554,0.25,0.07407407407407407
2016-11-28,0.9485752278658772,0.2,0.06451612903225806
2016-11-29,0.8633965166154178,0.5,0.12873563218390804
2016-11-30,0.7669787469097061,0.07692307692307693,0.15010570824524314
2016-12-01,0.9779024884294126,1.0,0.06236559139784946
2016-12-02,0.9950271284415437,0.3333333333333333,0.050793650793650794
2016-12-03,0.9390337375337068,0.16666666666666666,0.0625
2016-12-05,0.952650712119302,0.3333333333333333,0.0625
2016-12-06,0.6850174422677912,0.25,0.06554621848739496
2016-12-07,0.7745431634262834,0.2,0.10510510510510511
2016-12-08,0.8608344817605839,0.03125,0.06451612903225806
2016-12-09,0.799632560708986,0.1,0.057057057057057055
2016-12-10,0.5676719777389239,0.09090909090909091,0.11586452762923351
2016-12-11,0.9440116820889554,0.2,0.058823529411764705
2016-12-12,0.7439825154467948,0.2,0.1484480431848853
2016-12-13,0.6834189442033383,0.14285714285714285,0.1711378353376503
2016-12-14,0.7463226407794312,0.25,0.13140096618357489
2016-12-15,0.9492023989233296,0.125,0.05405405405405406
2016-12-16,0.7195938128348102,0.14285714285714285,0.06477732793522267
2016-12-17,1.0,0.029411764705882353,0.0
2016-12-19,0.7827368510298167,0.3333333333333333,0.05405405405405406
2016-12-21,0.7339296287957209,0.3333333333333333,0.05405405405405406
2016-12-23,0.7856605440687103,0.3333333333333333,0.05405405405405406
2016-12-24,1.0,0.027777777777777776,0.0
2016-12-26,0.8646634036010485,0.3333333333333333,0.10384068278805121
2016-12-27,0.8093862325472396,0.25,0.09743589743589744
2016-12-28,0.7202519481390618,0.3333333333333333,0.1
2016-12-29,0.6592443150922606,0.14285714285714285,0.06090808416389812
2016-12-30,1.0,0.030303030303030304,0.0
2017-01-01,1.0,0.029411764705882353,0.0
2017-01-02,0.944983404336947,0.2,0.05714285714285714
2017-01-03,0.9224065234082126,0.125,0.10793650793650794
2017-01-04,0.7539803727252669,0.2,0.15365853658536585
2017-01-05,0.876803660542475,0.1111111111111111,0.034139402560455195
2017-01-06,0.9878684621166084,0.3333333333333333,0.06666666666666667
2017-01-08,0.9621696767924428,0.5,0.07142857142857142
2017-01-09,0.7451458626887827,0.5,0.17943548387096775
2017-01-10,0.6710134446607923,0.07142857142857142,0.12307692307692308
2017-01-11,0.7546643045108896,0.16666666666666666,0.20056899004267426
2017-01-12,0.7829296373236072,0.3333333333333333,0.24156545209176788
2017-01-13,0.8867750899169028,0.3333333333333333,0.1717948717948718
2017-01-14,0.9255749869738336,0.1111111111111111,0.1140819964349376
2017-01-15,0.9105588006659081,0.02857142857142857,0.11092436974789915
2017-01-16,0.7895087230760021,0.02702702702702703,0.16366366366366367
2017-01-17,0.9815750015870188,0.030303030303030304,0.05714285714285714
2017-01-18,0.9930229640362511,1.0,0.04645760743321719
2017-01-19,0.7007902331032795,0.1,0.0783673469387755
2017-01-22,0.9560914825877509,0.3333333333333333,0.06060606060606061
2017-01-23,0.9929984006839889,0.5,0.05238095238095238
2017-01-24,1.0,0.029411764705882353,0.0
2017-01-29,1.0,0.02857142857142857,0.0
2017-01-30,1.0,1.0,0.0
2017-02-01,1.0,0.02702702702702703,0.0
2017-02-02,1.0,0.02631578947368421,0.0
2017-02-03,0.8247822285557309,0.02564102564102564,0.05128205128205128
2017-02-04,0.9697123393707704,0.5,0.1191919191919192
2017-02-05,1.0,0.2,0.0
2017-02-06,0.8626128992150901,0.125,0.05365402405180388
2017-02-07,0.8923737342169644,0.125,0.06282051282051282
2017-02-08,0.773271944058339,0.08333333333333333,0.10823529411764705
2017-02-09,0.9788426754911596,0.3333333333333333,0.013445378151260505
2017-02-10,0.9025971656713707,0.25,0.09957325746799431
2017-02-13,0.7877062104417434,0.14285714285714285,0.12121212121212122
2017-02-14,0.8107187725346103,0.14285714285714285,0.08064516129032258
2017-02-15,0.9360914514662728,0.5,0.0036231884057971015
2017-02-16,1.0,1.0,0.0
2017-02-17,0.9248787285425987,0.3333333333333333,0.007246376811594203
2017-02-20,0.8418796751229932,0.045454545454545456,0.09523809523809523
2017-02-21,0.7747955991993394,0.5,0.011695906432748537
2017-02-22,0.7887988977565933,0.2,0.15942028985507245
2017-02-23,0.8350385363090667,0.047619047619047616,0.3333333333333333
2017-02-24,0.8077799229173058,0.05555555555555555,0.1
2017-02-27,1.0,1.0,0.0
2017-02-28,0.7406491749275563,0.5,0.11764705882352941
2017-03-01,1.0,1.0,0.0
2017-03-02,0.9780963171626326,0.5,0.08947368421052632
2017-03-03,0.9049047804980803,0.05555555555555555,0.1
2017-03-04,0.9065486586456786,0.05,0.09523809523809523
2017-03-05,0.870323708880575,0.045454545454545456,0.17316017316017315
2017-03-06,0.9836607477882536,0.3333333333333333,0.12535612535612536
2017-03-07,0.8163893972582666,0.5,0.16989247311827957
2017-03-08,0.8914361146893343,0.05555555555555555,0.28104575163398693
2017-03-09,0.8892564455365504,0.3333333333333333,0.1111111111111111
2017-03-10,1.0,0.05555555555555555,0.0
2017-03-11,1.0,0.05263157894736842,0.0
2017-03-13,0.9378130211269908,0.3333333333333333,0.1
2017-03-14,0.6401404061765837,0.16666666666666666,0.11594202898550725
2017-03-15,0.7955749903460939,0.5,0.23790322580645162
2017-03-16,0.7276354338089123,0.08333333333333333,0.3333333333333333
2017-03-17,0.7081030860738582,0.125,0.2619047619047619
2017-03-18,0.8937025593777087,0.0625,0.125
2017-03-20,0.6526724810833496,0.14285714285714285,0.20666666666666667
2017-03-21,0.833136794226686,0.16666666666666666,0.12105263157894737
2017-03-22,0.6124508519758802,0.1,0.24333333333333335
2017-03-23,0.780287544241894,0.5,0.13333333333333333
2017-03-24,1.0,0.07692307692307693,0.0
2017-03-25,0.8964605821052043,0.125,0.14285714285714285
2017-03-26,0.8981293465164054,0.1111111111111111,0.13333333333333333
2017-03-27,0.6451138603998864,0.16666666666666666,0.27705627705627706
2017-03-28,0.5540284361328554,0.14285714285714285,0.1619047619047619
2017-03-29,0.6731263661137376,0.16666666666666666,0.16176470588235295
2017-03-30,0.7299677349921739,0.5,0.15384615384615385
2017-03-31,0.6242093819262373,0.16666666666666666,0.16483516483516483
2017-04-01,0.6684297581023779,0.2,0.1503267973856209
2017-04-02,1.0,0.07142857142857142,0.0
2017-04-03,0.5051282867337609,0.1111111111111111,0.22794117647058823
2017-04-04,0.8971727618376223,0.0625,0.11764705882352941
2017-04-05,0.7099395037846628,0.16666666666666666,0.1774891774891775
2017-04-06,0.7923902122557596,0.16666666666666666,0.09090909090909091
2017-04-07,0.9565061693235937,0.5,0.09090909090909091
2017-04-08,0.9176284641997988,0.1111111111111111,0.09090909090909091
2017-04-09,0.9196926006296265,0.1111111111111111,0.08695652173913043
2017-04-10,0.5787092998214128,0.09090909090909091,0.19696969696969696
2017-04-11,0.9148616575096828,0.125,0.1
2017-04-12,0.6694628906456381,0.14285714285714285,0.1774891774891775
2017-04-13,0.5945422236069785,0.2,0.2463768115942029
2017-04-14,0.6757705337930321,0.3333333333333333,0.08
2017-04-15,0.5519866438768092,0.125,0.08333333333333333
2017-04-17,0.9328555700729396,0.2,0.08
2017-04-18,0.6198036094233554,0.14285714285714285,0.21428571428571427
2017-04-19,0.943940026184623,0.3333333333333333,0.08333333333333333
2017-04-20,0.6310228621256689,0.1,0.14814814814814814
2017-04-21,0.818958418847376,0.1,0.14285714285714285
2017-04-24,1.0,0.04,0.0
2017-04-25,0.9452460757226817,0.3333333333333333,0.08
2017-04-26,0.9331528810840176,0.14285714285714285,0.07692307692307693
2017-04-27,0.5855266736834276,0.125,0.19310344827586207
2017-04-29,1.0,0.041666666666666664,0.0
2017-05-01,1.0,0.04,0.0
2017-05-03,0.8983549398810609,0.5,0.07407407407407407
2017-05-04,0.8550864500881614,0.2,0.09
2017-05-05,0.8362959106643924,0.2,0.09333333333333334
2017-05-08,0.8819140129563566,0.045454545454545456,0.17316017316017315
2017-05-10,0.8819082011884875,0.047619047619047616,0.18095238095238095
2017-05-11,0.9891248404632281,1.0,0.09941520467836257
2017-05-12,1.0,0.05555555555555555,0.0
2017-05-13,0.9094202088233118,0.05263157894736842,0.09090909090909091
2017-05-14,0.8734336920080293,0.043478260869565216,0.16600790513833993
2017-05-15,0.8541177739875057,0.041666666666666664,0.22826086956521738
2017-05-16,0.9143762832212312,0.043478260869565216,0.08
2017-05-17,0.8779121642663894,0.5,0.08
2017-05-18,0.9287250681880648,0.037037037037037035,0.07407407407407407
2017-05-19,0.7380528978787475,0.125,0.0967741935483871
2017-05-21,0.9120237689377371,0.041666666666666664,0.08333333333333333
2017-05-22,0.7769179944466101,0.5,0.07635467980295567
2017-05-23,0.8344109100304874,0.2,0.10276679841897234
2017-05-25,1.0,0.3333333333333333,0.0
2017-05-27,1.0,1.0,0.0
2017-05-28,1.0,0.06666666666666667,0.0
2017-05-31,1.0,0.0625,0.0
2017-06-01,1.0,0.0625,0.0
2017-06-03,0.7013846448533193,0.25,0.11764705882352941
2017-06-05,1.0,0.5,0.0
2017-06-06,1.0,1.0,0.0
2017-06-07,0.8188245432677302,0.3333333333333333,0.11764705882352941
2017-06-08,0.8087945977305184,0.2,0.04678362573099415
2017-06-12,0.9955953235517304,1.0,0.10294117647058823
2017-06-13,0.9441762486955128,0.5,0.14285714285714285
2017-06-14,0.7407925070400836,0.07142857142857142,0.14285714285714285
2017-06-15,0.7805032584661954,0.05555555555555555,0.28654970760233917
2017-06-16,0.8944553681281696,0.06666666666666667,0.125
2017-06-18,0.8948677876560536,0.2,0.23333333333333334
2017-06-19,0.8843816175760002,0.14285714285714285,0.3088235294117647
2017-06-20,0.7706142197429715,0.05,0.29473684210526313
2017-06-21,0.7537492773360519,0.16666666666666666,0.19883040935672514
2017-06-23,0.9428073366049169,0.25,0.14285714285714285
2017-06-24,0.9419279937211343,0.5,0.15384615384615385
2017-06-25,0.9287658087441114,0.25,0.13333333333333333
2017-06-26,0.9151999473151305,0.0625,0.11764705882352941
2017-06-27,0.8705374617459761,0.07692307692307693,0.26373626373626374
2017-06-28,0.938180708717372,0.06666666666666667,0.24761904761904763
2017-06-30,0.8979009942787911,0.06666666666666667,0.11764705882352941
2017-07-01,1.0,0.058823529411764705,0.0
2017-07-03,0.9825443374725737,1.0,0.09047619047619047
2017-07-04,0.718364543280262,0.16666666666666666,0.18095238095238095
2017-07-05,0.9012698707557699,0.5,0.26842105263157895
2017-07-06,0.8875891627323237,0.0625,0.19883040935672514
2017-07-08,0.8937025593777087,0.0625,0.125
2017-07-09,0.9387883484068248,1.0,0.19607843137254902
2017-07-10,0.8862461215025639,0.25,0.18571428571428572
2017-07-11,0.9785377830281417,0.0625,0.125
2017-07-12,0.9880601842061992,0.05555555555555555,0.10526315789473684
2017-07-13,0.7879215703933048,0.5,0.22529644268774704
2017-07-15,1.0,1.0,0.0
2017-07-16,0.9500733111656734,0.0625,0.125
2017-07-17,0.8709457156538202,0.25,0.09523809523809523
2017-07-18,0.8363001316380811,0.07142857142857142,0.23809523809523808
2017-07-19,0.88847199312692,0.07692307692307693,0.14285714285714285
2017-07-21,1.0,0.07142857142857142,0.0
2017-07-24,1.0,0.0625,0.0
2017-07-25,0.949757726397819,0.5,0.11764705882352941
2017-07-26,0.7537318364658052,0.3333333333333333,0.11764705882352941
2017-07-27,0.9224968568606894,0.25,0.11764705882352941
2017-07-28,0.7527908870318671,0.5,0.09523809523809523
2017-08-02,1.0,0.06666666666666667,0.0
2017-08-03,1.0,0.0625,0.0
2017-08-04,1.0,0.058823529411764705,0.0
2017-08-07,1.0,0.5,0.0
2017-08-08,1.0,0.07142857142857142,0.0
2017-08-09,0.8906920330790526,0.06666666666666667,0.13333333333333333
2017-08-10,0.9142740874077262,0.05555555555555555,0.08333333333333333
2017-08-11,1.0,0.038461538461538464,0.0
2017-08-13,1.0,0.037037037037037035,0.0
2017-08-14,0.9185979598869022,0.03571428571428571,0.07142857142857142
2017-08-15,0.8868393187487326,0.034482758620689655,0.12873563218390804
2017-08-17,0.6895898498110631,0.3333333333333333,0.06666666666666667
2017-08-22,0.8438754433176935,0.2,0.0625
2017-08-24,1.0,0.047619047619047616,0.0
2017-08-25,1.0,0.047619047619047616,0.0
2017-08-28,0.9389464982560596,0.3333333333333333,0.08695652173913043
2017-08-30,1.0,0.043478260869565216,0.0
2017-09-01,0.8034377989244522,0.08333333333333333,0.12096774193548387
2017-09-06,0.5629991298959676,0.125,0.23588709677419356
2017-09-07,0.8351819100834541,0.2,0.03201970443349754
2017-09-08,0.6597260002550696,0.14285714285714285,0.13968253968253969
2017-09-11,0.9343671334911258,0.2,0.07692307692307693
2017-09-12,0.7314541210990674,0.2,0.13793103448275862
2017-09-13,0.7102069124407517,0.2,0.07956989247311828
2017-09-14,0.8130328439632564,0.16666666666666666,0.0625
2017-09-15,0.8202289107066784,0.3333333333333333,0.058823529411764705
2017-09-17,0.9517448159715239,0.3333333333333333,0.06451612903225806
2017-09-18,0.7388862565540658,0.3333333333333333,0.06031746031746032
2017-09-19,0.9813282570359891,0.02857142857142857,0.05714285714285714
2017-09-20,0.956925792446339,0.03125,0.11742424242424243
2017-09-21,0.7856180425977891,0.5,0.06451612903225806
2017-09-22,0.7438319767008528,0.25,0.1140819964349376
2017-09-23,1.0,0.03333333333333333,0.0
2017-09-25,1.0,0.03225806451612903,0.0
2017-09-26,1.0,0.03333333333333333,0.0
2017-09-27,0.9450543850762125,0.25,0.06451612903225806
2017-09-28,0.7386801987839087,0.2,0.12298387096774194
2017-09-29,0.9450543850762125,0.25,0.06451612903225806
2017-09-30,0.9450543850762125,0.25,0.06451612903225806
2017-10-02,0.6234431843284496,0.2,0.11586452762923351
2017-10-04,0.9401478321672898,0.16666666666666666,0.06060606060606061
2017-10-05,0.9220299104341775,0.16666666666666666,0.11742424242424243
2017-10-06,0.7830739813922877,0.3333333333333333,0.05405405405405406
2017-10-07,1.0,0.029411764705882353,0.0
2017-10-08,1.0,0.027777777777777776,0.0
2017-10-09,0.8732834096366926,0.3333333333333333,0.10121457489878542
2017-10-10,0.943211754952962,0.16666666666666666,0.05555555555555555
2017-10-12,0.9441504917660755,0.16666666666666666,0.05405405405405406
2017-10-13,0.9887049072195028,1.0,0.051209103840682786
2017-10-14,1.0,0.030303030303030304,0.0
2017-10-15,0.9264892822711324,0.029411764705882353,0.058823529411764705
2017-10-16,0.9276276007649314,0.02857142857142857,0.05714285714285714
2017-10-17,1.0,1.0,0.0
2017-10-19,1.0,0.03333333333333333,0.0
2017-10-20,0.9826885732828925,1.0,0.06048387096774194
2017-10-21,0.9209064721777407,0.1111111111111111,0.12473118279569892
2017-10-23,0.98618149489591,0.5,0.10695187165775401
2017-10-25,0.968978766333111,0.16666666666666666,0.1330049261083744
2017-10-28,1.0,0.037037037037037035,0.0
2017-10-30,1.0,0.03571428571428571,0.0
2017-10-31,0.8571899159471703,0.25,0.06896551724137931
2017-11-01,0.8417104570944404,0.3333333333333333,0.006048387096774193
2017-11-02,0.8407887158838404,0.25,0.06218487394957983
2017-11-03,0.8294310981703573,0.25,0.1092436974789916
2017-11-04,0.9439729467705483,0.25,0.06666666666666667
2017-11-05,0.9090059392149505,0.03225806451612903,0.12473118279569892
2017-11-06,0.8904630075992304,0.030303030303030304,0.17045454545454544
2017-11-07,0.9115870573866025,0.03333333333333333,0.12873563218390804
2017-11-08,0.9115870573866025,0.03333333333333333,0.12873563218390804
2017-11-09,0.9749990204044101,0.2,0.08
2017-11-13,1.0,0.05555555555555555,0.0
2017-11-14,1.0,0.05555555555555555,0.0
2017-11-16,0.9378130211269908,0.3333333333333333,0.1
2017-11-17,0.8159941352455927,0.5,0.1
2017-11-18,0.9311122752648896,0.25,0.09523809523809523
2017-11-20,0.8925917021260141,0.045454545454545456,0.17316017316017315
2017-11-21,0.8504797488461587,0.2,0.16304347826086957
2017-11-22,0.9174327105516854,0.047619047619047616,0.09523809523809523
2017-11-23,0.7436063301592143,0.16666666666666666,0.10333333333333333
2017-11-24,0.7652547130717455,0.3333333333333333,0.09090909090909091
2017-11-25,0.6664528545795867,0.3333333333333333,0.09090909090909091
2017-11-27,0.7818036912851913,0.034482758620689655,0.2044334975369458
2017-11-28,0.7708232146610073,0.037037037037037035,0.21957671957671956
2017-11-29,0.9041556878428948,0.04,0.15333333333333332
2017-11-30,0.8207971693583573,0.25,0.17391304347826086
2017-12-01,0.8345793214749039,0.25,0.1774891774891775
2017-12-04,0.8673767852424628,0.25,0.09523809523809523
2017-12-05,0.8595205793602125,0.3333333333333333,0.10526315789473684
2017-12-06,0.7576769313265117,0.3333333333333333,0.1111111111111111
2017-12-07,0.7619862893240277,0.3333333333333333,0.10952380952380952
2017-12-08,0.8676756244893062,0.5,0.10526315789473684
2017-12-10,0.9319339961858607,0.3333333333333333,0.11764705882352941
2017-12-11,0.9340475536560355,0.3333333333333333,0.1111111111111111
2017-12-12,0.6331395755314768,0.25,0.19047619047619047
2017-12-13,0.7434781853420359,0.5,0.1111111111111111
2017-12-14,1.0,0.05555555555555555,0.0
2017-12-15,1.0,0.05555555555555555,0.0
2017-12-16,1.0,0.05,0.0
2017-12-17,0.917171745150837,0.125,0.09523809523809523
2017-12-18,0.8965561061022169,0.1111111111111111,0.17316017316017315
2017-12-19,0.9090548531224985,0.16666666666666666,0.15333333333333332
2017-12-22,1.0,0.043478260869565216,0.0
2017-12-25,0.9202899855579006,0.1,0.08333333333333333
2017-12-26,0.7860517099649265,0.5,0.14245014245014245
2017-12-27,0.8119563279950478,0.1,0.07692307692307693
2017-12-28,1.0,0.038461538461538464,0.0
2017-12-29,1.0,0.037037037037037035,0.0
2018-01-02,0.5522728204581652,0.16666666666666666,0.19950738916256158
2018-01-05,1.0,0.041666666666666664,0.0
2018-01-09,0.7844142359611541,0.041666666666666664,0.08333333333333333
2018-01-10,0.6826191622059927,0.14285714285714285,0.08695652173913043
2018-01-11,0.6084899388537045,0.25,0.10526315789473684
2018-01-12,0.6084899388537045,0.25,0.10526315789473684
2018-01-14,0.9016176470703986,0.05263157894736842,0.10526315789473684
2018-01-15,0.887837536220063,0.05,0.18947368421052632
2018-01-16,0.5895488235817431,0.2,0.18571428571428572
2018-01-17,0.6093835009310404,0.2,0.27635327635327633
2018-01-18,0.7060499266517868,0.1111111111111111,0.2988505747126437
2018-01-19,0.6788128547869808,0.3333333333333333,0.25925925925925924
2018-01-25,1.0,0.05555555555555555,0.0
2018-01-27,0.9039422921454423,0.05,0.1
2018-01-28,0.8674584482708458,0.047619047619047616,0.18095238095238095
2018-01-29,0.8699478604776502,0.045454545454545456,0.17316017316017315
2018-01-30,0.9061340637616839,0.047619047619047616,0.09523809523809523
2018-02-01,1.0,0.047619047619047616,0.0
2018-02-02,1.0,0.045454545454545456,0.0
2018-02-08,1.0,0.045454545454545456,0.0
2018-02-09,1.0,0.05,0.0
2018-02-10,1.0,0.047619047619047616,0.0
2018-02-11,1.0,0.045454545454545456,0.0
2018-02-27,1.0,0.05263157894736842,0.0
2018-03-02,1.0,0.05,0.0
2018-03-07,0.9311122752648896,0.25,0.09523809523809523
2018-03-08,0.738218380262752,0.041666666666666664,0.15942028985507245
2018-03-09,1.0,0.05555555555555555,0.0
2018-03-14,1.0,1.0,0.0
2018-03-15,1.0,0.05555555555555555,0.0
2018-03-19,0.6964165771503893,0.25,0.2046783625730994
2018-03-22,1.0,0.06666666666666667,0.0
2018-03-24,1.0,0.0625,0.0
2018-03-26,0.9224968568606894,0.25,0.11764705882352941
2018-03-27,0.9271275147885434,0.25,0.10526315789473684
2018-04-02,1.0,0.05263157894736842,0.0
2018-04-08,1.0,0.058823529411764705,0.0
2018-04-16,1.0,0.05555555555555555,0.0
2018-04-17,0.9016176470703986,0.05263157894736842,0.10526315789473684
2018-04-19,0.9557660057055015,0.05,0.09090909090909091
2018-04-20,0.8622112237821706,0.2,0.1
2018-04-23,0.9175955550364274,0.16666666666666666,0.10526315789473684
2018-04-24,0.9175955550364274,0.16666666666666666,0.10526315789473684
2018-04-25,0.9175955550364274,0.16666666666666666,0.10526315789473684
2018-04-28,1.0,0.05555555555555555,0.0
2018-04-29,1.0,0.05263157894736842,0.0
2018-05-02,1.0,0.05,0.0
2018-05-03,1.0,0.05,0.0
2018-05-04,1.0,0.047619047619047616,0.0
2018-05-08,1.0,0.045454545454545456,0.0
2018-05-11,1.0,0.04,0.0
2018-05-13,0.925253368246164,0.14285714285714285,0.08333333333333333
2018-05-14,0.9033352538061696,0.1111111111111111,0.2123076923076923
2018-05-15,0.6429170990296257,0.07692307692307693,0.21182266009852216
2018-05-18,0.7999315185757996,0.125,0.09523809523809523
2018-05-19,1.0,0.05,0.0
2018-05-21,0.6787252198913135,0.2,0.2490118577075099
2018-05-22,0.7571301940545999,0.05,0.19473684210526315
2018-05-23,0.9868733704121179,1.0,0.09473684210526316
2018-05-24,0.6929082218877146,0.2,0.2789473684210526
2018-05-25,0.9000230592568225,0.14285714285714285,0.18947368421052632
2018-05-26,1.0,0.05263157894736842,0.0
2018-05-27,0.8967379430271877,0.14285714285714285,0.17316017316017315
2018-05-28,0.8855140931856078,0.125,0.23715415019762845
2018-05-29,0.8855140931856078,0.125,0.23715415019762845
2018-05-30,0.984814262042271,0.5,0.13538461538461538
2018-05-31,0.9329069259229518,0.25,0.09090909090909091
2018-06-02,1.0,0.045454545454545456,0.0
2018-06-04,0.811924013104144,0.125,0.08333333333333333
2018-06-05,0.9120237689377371,0.041666666666666664,0.08333333333333333
2018-06-08,0.574655224561253,0.16666666666666666,0.08695652173913043
2018-06-15,1.0,0.05,0.0
2018-06-21,1.0,0.047619047619047616,0.0
2018-06-26,1.0,0.045454545454545456,0.0
2018-06-27,1.0,0.041666666666666664,0.0
2018-07-05,1.0,0.041666666666666664,0.0
2018-07-09,0.9137895140584816,0.04,0.08
2018-07-11,0.7933496931224592,0.125,0.15076923076923077
2018-07-12,0.9143762832212312,0.043478260869565216,0.08
2018-07-17,0.9269947676302424,0.14285714285714285,0.08
2018-07-21,0.8436209161178442,0.038461538461538464,0.27076923076923076
2018-07-22,0.8342951938253611,0.038461538461538464,0.3230769230769231
2018-07-23,0.7400767520950999,0.041666666666666664,0.23550724637681159
2018-07-24,0.9105050782335803,0.045454545454545456,0.08695652173913043
2018-07-27,1.0,0.045454545454545456,0.0
2018-07-28,0.8746080057680725,0.041666666666666664,0.15942028985507245
2018-07-30,0.8002530817959402,0.16666666666666666,0.15666666666666668
2018-08-01,1.0,0.041666666666666664,0.0
2018-08-06,0.5561070848006315,0.125,0.08
2018-08-07,0.8352734196706502,0.3333333333333333,0.125
2018-08-10,1.0,0.06666666666666667,0.0
2018-08-13,1.0,0.0625,0.0
2018-08-14,1.0,0.058823529411764705,0.0
2018-08-19,1.0,0.058823529411764705,0.0
2018-08-26,1.0,0.05555555555555555,0.0
2018-08-28,1.0,0.05555555555555555,0.0
2018-08-29,1.0,0.05263157894736842,0.0
2018-08-31,1.0,0.05,0.0
2018-09-04,0.7703382745552697,0.05263157894736842,0.1
2018-09-05,0.8905402817297545,0.1111111111111111,0.18095238095238095
2018-09-06,0.9001774549520264,0.09090909090909091,0.24675324675324675
2018-09-07,0.7696706479443347,0.3333333333333333,0.15666666666666668
2018-09-09,0.7362405213630441,0.04,0.29333333333333333
2018-09-11,0.9271275147885434,0.25,0.10526315789473684
2018-09-13,0.763806753076394,0.045454545454545456,0.26406926406926406
2018-09-14,0.7275117246514732,0.043478260869565216,0.2246153846153846
2018-09-15,0.9637242601340429,1.0,0.08658008658008658
2018-09-17,0.909863965183139,0.5,0.004329004329004329
2018-09-18,1.0,0.05555555555555555,0.0
2018-09-19,0.9249034524879487,0.25,0.1111111111111111
2018-09-20,0.7474472544156896,0.125,0.17
2018-09-24,1.0,0.06666666666666667,0.0
2018-09-25,1.0,1.0,0.0
2018-09-28,0.8965141448999306,0.058823529411764705,0.11764705882352941
2018-09-29,0.9725135260835396,1.0,0.09473684210526316
2018-10-04,1.0,0.05263157894736842,0.0
2018-10-07,1.0,0.05,0.0
2018-10-08,0.9858104988547028,0.09090909090909091,0.08
2018-10-09,0.851870781408356,0.043478260869565216,0.17391304347826086
2018-10-10,1.0,0.058823529411764705,0.0
2018-10-11,0.9115781787483028,0.1,0.1
2018-10-12,0.9176284641997988,0.1111111111111111,0.09090909090909091
2018-10-15,0.8925917021260141,0.045454545454545456,0.17316017316017315
2018-10-16,0.9657649838982344,0.5,0.20666666666666667
2018-10-18,0.8991466947674797,0.05555555555555555,0.1111111111111111
2018-10-19,0.9016176470703986,0.05263157894736842,0.10526315789473684
2018-10-20,1.0,0.058823529411764705,0.0
2018-10-23,0.5738328080828248,0.2,0.1111111111111111
2018-10-24,0.847135286737074,0.3333333333333333,0.10526315789473684
2018-10-31,1.0,0.058823529411764705,0.0
2018-11-02,1.0,0.07142857142857142,0.0
2018-11-05,1.0,1.0,0.0
2018-11-06,0.9250833238660884,1.0,0.13333333333333333
2018-11-07,0.7730092198927055,0.0625,0.275
2018-11-08,0.9459671182259679,0.25,0.13333333333333333
2018-11-09,1.0,1.0,0.0
2018-11-12,0.9039422921454423,0.05,0.1
2018-11-14,0.8695633940283395,0.5,0.13333333333333333
2018-11-15,0.7392923520090396,0.5,0.125
2018-11-16,0.8689391816697916,0.3333333333333333,0.1111111111111111
2018-11-19,0.7609277529631447,0.125,0.14736842105263157
2018-11-20,0.7590892982205669,0.5,0.15384615384615385
2018-11-21,0.7748530597195532,0.25,0.13970588235294118
2018-11-22,0.8585954677479536,0.058823529411764705,0.16911764705882354
2018-11-23,0.8222052409367304,0.07142857142857142,0.15384615384615385
2018-11-25,0.9394245905969385,0.5,0.16666666666666666
2018-11-26,0.8944579558623875,0.07692307692307693,0.15384615384615385
2018-11-27,0.8902144664131448,0.06666666666666667,0.24761904761904763
2018-11-28,0.840601878395076,0.2,0.15789473684210525
2018-11-29,0.8335164289780853,0.07142857142857142,0.26666666666666666
2018-11-30,0.8373826936057357,0.07142857142857142,0.23809523809523808
2018-12-02,0.8802243665262303,0.08333333333333333,0.16666666666666666
2018-12-03,0.9006921526590822,0.07142857142857142,0.13333333333333333
2018-12-04,0.9353748695839778,0.3333333333333333,0.125
2018-12-07,0.8784086408090316,0.5,0.125
2018-12-09,0.9271280220527018,0.3333333333333333,0.13333333333333333
2018-12-10,0.8647514678921989,0.058823529411764705,0.22058823529411764
2018-12-11,0.9545280844346746,0.5,0.2857142857142857
2018-12-12,0.9586536868982355,1.0,0.15151515151515152
2018-12-14,1.0,0.5,0.0
2018-12-17,1.0,1.0,0.0
2018-12-19,1.0,1.0,0.0
2018-12-20,0.9394245905969385,0.5,0.16666666666666666
2018-12-21,0.8419768111242326,0.3333333333333333,0.14285714285714285
2018-12-22,1.0,0.07142857142857142,0.0
2018-12-24,0.9170245493900887,0.25,0.13333333333333333
2018-12-25,0.9399428705726349,0.3333333333333333,0.125
2018-12-26,0.7352545599927064,0.07692307692307693,0.15384615384615385
2018-12-30,0.8802243665262303,0.08333333333333333,0.16666666666666666
2019-01-03,1.0,0.08333333333333333,0.0
2019-01-04,0.8674854503695832,0.5,0.15384615384615385
2019-01-07,0.7974285730419814,0.3333333333333333,0.13333333333333333
2019-01-09,1.0,1.0,0.0
2019-01-11,1.0,0.06666666666666667,0.0
2019-01-14,0.7625668354890355,0.05555555555555555,0.21568627450980393
2019-01-18,0.9922334960775255,1.0,0.11428571428571428
2019-01-19,1.0,1.0,0.0
2019-01-21,0.9504044237006593,1.0,0.22857142857142856
2019-01-22,0.968479305054612,0.07142857142857142,0.14285714285714285
2019-01-23,0.9681047002449713,0.5,0.10457516339869281
2019-01-24,0.7275077443629839,0.25,0.13333333333333333
2019-01-25,0.7391672223895628,0.5,0.14285714285714285
2019-01-27,1.0,0.07692307692307693,0.0
2019-01-29,0.9332646203760656,0.3333333333333333,0.13333333333333333
2019-01-30,0.7333558534571017,0.2,0.13450292397660818
2019-01-31,0.7774393059526736,0.2,0.125
2019-02-01,1.0,0.07692307692307693,0.0
2019-02-03,1.0,0.07142857142857142,0.0
2019-02-04,1.0,0.06666666666666667,0.0
2019-02-05,1.0,0.0625,0.0
2019-02-06,1.0,0.058823529411764705,0.0
2019-02-12,0.9340475536560355,0.3333333333333333,0.1111111111111111
2019-02-13,0.9672022770069861,1.0,0.17142857142857143
2019-02-14,1.0,1.0,0.0
2019-02-15,0.8958796063402007,0.3333333333333333,0.01904761904761905
2019-02-16,1.0,1.0,0.0
2019-02-18,0.9073238777870446,0.5,0.008333333333333333
2019-02-19,1.0,0.5,0.0
2019-02-20,1.0,1.0,0.0
2019-02-21,1.0,0.07692307692307693,0.0
2019-02-22,0.7394389033639021,0.5,0.13333333333333333
2019-02-25,0.8331559744508167,0.25,0.14166666666666666
2019-02-26,0.6829825619890376,0.3333333333333333,0.13333333333333333
2019-02-27,0.9006906782430494,0.5,0.12380952380952381
2019-02-28,0.9841090520376459,0.25,0.12380952380952381
2019-03-01,0.9463549536401503,0.08333333333333333,0.16666666666666666
2019-03-04,0.7807541910407276,0.08333333333333333,0.16666666666666666
2019-03-05,1.0,1.0,0.0
2019-03-06,0.9905083285976785,0.5,0.1282051282051282
2019-03-07,0.9908426486473323,0.5,0.19047619047619047
2019-03-08,0.9743403677916648,1.0,0.12087912087912088
2019-03-11,0.9970509302751359,0.5,0.09166666666666666
2019-03-12,0.8952310278420379,0.5,0.16600790513833993
2019-03-13,0.9886168252975013,1.0,0.10526315789473684
2019-03-14,0.9241916474485683,0.5,0.008333333333333333
2019-03-15,1.0,1.0,0.0
2019-03-18,0.9253365784681546,0.2,0.1111111111111111
2019-03-19,0.9735212580234605,0.3333333333333333,0.15810276679841898
2019-03-20,0.7520528284368596,0.25,0.1286549707602339
2019-03-21,1.0,0.0625,0.0
2019-03-22,1.0,0.058823529411764705,0.0
2019-03-25,0.7443410815005538,0.5,0.18947368421052632
2019-03-26,1.0,1.0,0.0
2019-03-27,1.0,0.3333333333333333,0.0
2019-03-28,1.0,0.5,0.0
2019-04-01,0.9529308526757785,1.0,0.2631578947368421
2019-04-02,0.9398663262050624,0.05,0.3368421052631579
2019-04-03,0.9790278367872318,0.05555555555555555,0.20915032679738563
2019-04-04,0.9913261971015888,0.25,0.13333333333333333
2019-04-06,0.8874598681821451,0.07142857142857142,0.14285714285714285
2019-04-08,0.962266101669304,1.0,0.11666666666666667
2019-04-10,1.0,0.16666666666666666,0.0
2019-04-11,0.6254082137402952,0.125,0.04736842105263158
2019-04-12,1.0,1.0,0.0
2019-04-15,1.0,0.5,0.0
2019-04-16,0.9858336054065243,1.0,0.13186813186813187
2019-04-17,0.8756246959769365,0.06666666666666667,0.24761904761904763
2019-04-18,0.8638530469114041,0.0625,0.325
2019-04-19,0.9010379262166407,0.5,0.2318840579710145
2019-04-22,1.0,0.0625,0.0
2019-04-23,0.9332646203760656,0.3333333333333333,0.13333333333333333
2019-04-24,0.8937724016322564,0.058823529411764705,0.22058823529411764
2019-04-25,0.8937724016322564,0.058823529411764705,0.22058823529411764
2019-04-26,0.8960259028776745,0.05555555555555555,0.20915032679738563
2019-04-27,0.9507647299922027,0.06666666666666667,0.125
2019-04-28,1.0,1.0,0.0
2019-04-30,1.0,1.0,0.0
2019-05-03,1.0,0.05263157894736842,0.0
2019-05-05,0.8965561061022169,0.1111111111111111,0.17316017316017315
2019-05-06,0.9429430654209597,0.05,0.18947368421052632
2019-05-07,0.9920141203262717,0.05,0.1
2019-05-08,0.9913386865748103,1.0,0.23376623376623376
2019-05-09,0.9480156057124268,0.05555555555555555,0.3660130718954248
2019-05-10,0.7032560983181746,0.3333333333333333,0.31225296442687744
2019-05-11,1.0,0.05555555555555555,0.0
2019-05-12,0.925809633106979,0.2,0.09523809523809523
2019-05-13,0.7059026252794764,0.16666666666666666,0.2706552706552707
2019-05-14,0.6466434354455841,0.1,0.23387096774193547
2019-05-15,0.8978286631376763,0.5,0.30303030303030304
2019-05-16,0.9123239297891763,0.5,0.2571428571428571
2019-05-17,0.9506510541728542,0.25,0.15217391304347827
2019-05-18,1.0,0.058823529411764705,0.0
2019-05-19,1.0,0.05555555555555555,0.0
2019-05-20,0.887837536220063,0.05,0.18947368421052632
2019-05-21,0.877105482233334,0.043478260869565216,0.22826086956521738
2019-05-22,0.88317262929444,0.04,0.20512820512820512
2019-05-23,0.9264147966331888,0.25,0.125
2019-05-24,0.9123591918843582,0.16666666666666666,0.11764705882352941
2019-05-26,1.0,0.05555555555555555,0.0
2019-05-27,0.9176284641997988,0.1111111111111111,0.09090909090909091
2019-05-28,0.9253603386274099,0.125,0.1
2019-05-29,0.9407830462925595,0.3333333333333333,0.10526315789473684
2019-05-30,0.9540972727653839,0.5,0.1
2019-06-03,0.8859601483865417,0.1111111111111111,0.18095238095238095
2019-06-04,0.8597592680985734,0.3333333333333333,0.19384615384615383
2019-06-05,0.8637087215986236,0.1111111111111111,0.26666666666666666
2019-06-06,0.6890871939600823,0.1111111111111111,0.28063241106719367
2019-06-10,0.7094324339681609,0.25,0.26842105263157895
2019-06-11,0.8752031796241757,0.5,0.125
2019-06-12,0.8159341757596438,0.2,0.14705882352941177
2019-06-13,1.0,1.0,0.0
2019-06-16,1.0,0.0625,0.0
2019-06-17,0.7997230288295523,0.2,0.09523809523809523
2019-06-18,0.9391146021601328,0.3333333333333333,0.1111111111111111
2019-06-20,1.0,1.0,0.0
2019-06-21,1.0,1.0,0.0
2019-06-22,1.0,0.0625,0.0
2019-06-23,1.0,0.0625,0.0
2019-06-24,1.0,1.0,0.0
2019-06-25,0.9106337240230825,0.3333333333333333,0.11052631578947368
2019-06-26,0.9006270329158037,0.3333333333333333,0.19883040935672514
2019-06-27,0.9489362194543774,0.16666666666666666,0.18095238095238095
2019-06-28,0.9500733111656734,0.0625,0.125
2019-06-30,0.8906920330790526,0.06666666666666667,0.13333333333333333
2019-07-01,0.8544996603623161,0.25,0.125
2019-07-02,0.8552299785332231,0.3333333333333333,0.12418300653594772
2019-07-03,0.8488865520550389,0.16666666666666666,0.10869565217391304
2019-07-04,0.9089018392571017,0.5,0.005847953216374269
2019-07-08,1.0,1.0,0.0
2019-07-09,1.0,0.5,0.0
2019-07-11,1.0,0.06666666666666667,0.0
2019-07-12,1.0,0.05555555555555555,0.0
2019-07-15,0.9360008038972941,0.3333333333333333,0.10526315789473684
2019-07-16,0.982502283920634,1.0,0.09473684210526316
2019-07-17,0.9640671876290999,0.05263157894736842,0.19883040935672514
2019-07-18,0.9662670131034004,0.05555555555555555,0.20915032679738563
2019-07-19,0.9953294074509413,1.0,0.046546546546546545
2019-07-20,0.9272126114870499,0.05263157894736842,0.0625
2019-07-22,0.8772144946372902,0.029411764705882353,0.1657754010695187
2019-07-23,0.7952141367375888,0.25,0.2964426877470356
2019-07-24,0.8428754708984187,0.14285714285714285,0.24210526315789474
2019-07-25,0.7393847692387169,0.14285714285714285,0.20261437908496732
2019-07-26,0.957273388417469,1.0,0.14102564102564102
2019-07-27,1.0,0.1,0.0
2019-07-29,1.0,1.0,0.0
2019-07-30,0.7506723759742385,0.5,0.015151515151515152
2019-07-31,1.0,0.1,0.0
2019-08-01,0.9866216584444176,0.5,0.1282051282051282
2019-08-02,0.9065570825305159,0.25,0.16666666666666666
2019-08-05,1.0,0.5,0.0
2019-08-06,1.0,1.0,0.0
2019-08-08,1.0,0.09090909090909091,0.0
2019-08-09,1.0,0.07692307692307693,0.0
2019-08-12,0.9026230636951212,0.16666666666666666,0.14285714285714285
2019-08-13,0.5380457700740932,0.125,0.33088235294117646
2019-08-14,1.0,0.3333333333333333,0.0
2019-08-15,1.0,1.0,0.0
2019-08-16,1.0,1.0,0.0
2019-08-17,0.9419279937211343,0.5,0.15384615384615385
2019-08-19,0.9858336054065243,1.0,0.13186813186813187
2019-08-20,0.9775897578473703,0.3333333333333333,0.02857142857142857
2019-08-21,0.7794434029531878,0.3333333333333333,0.14166666666666666
2019-08-22,0.9483717302885856,0.08333333333333333,0.15384615384615385
2019-08-26,1.0,0.5,0.0
2019-08-29,1.0,0.5,0.0
2019-08-30,0.9508182942789819,0.3333333333333333,0.11764705882352941
2019-09-02,0.9362629006854223,1.0,0.3684210526315789
2019-09-03,0.5746043176545218,0.07692307692307693,0.2727272727272727
2019-09-04,0.8088331246749607,0.16666666666666666,0.1586452762923351
2019-09-05,0.7568429319396465,0.25,0.14705882352941177
2019-09-06,0.9581369217851302,0.2,0.28205128205128205
2019-09-11,0.895852536556819,0.25,0.30303030303030304
2019-09-16,0.8107953815139665,0.3333333333333333,0.2948717948717949
2019-09-17,0.8096169284485569,0.25,0.25
2019-09-18,0.9787764175969412,0.07692307692307693,0.15384615384615385
2019-09-19,0.9832013956706812,0.16666666666666666,0.14285714285714285
2019-09-20,0.7028997952870129,0.08333333333333333,0.32608695652173914
2019-09-23,0.8349356913137727,0.16666666666666666,0.22875816993464052
2019-09-24,0.7580772977948517,0.08333333333333333,0.20333333333333334
2019-09-25,0.9151925698814783,0.3333333333333333,0.18181818181818182
2019-09-26,0.9211224391128785,0.5,0.125
2019-09-27,0.9419279937211343,0.5,0.15384615384615385
2019-10-08,0.8082455018110983,0.3333333333333333,0.18181818181818182
2019-10-09,0.8717547463057782,0.1,0.2
2019-10-10,0.8717547463057782,0.1,0.2
2019-10-11,0.813790939320837,0.5,0.12380952380952381
2019-10-12,0.9814275827468815,0.16666666666666666,0.14285714285714285
2019-10-13,1.0,0.08333333333333333,0.0
2019-10-14,1.0,1.0,0.0
2019-10-15,1.0,0.3333333333333333,0.0
2019-10-16,0.933988501319136,0.2,0.029556650246305417
2019-10-17,1.0,0.125,0.0
2019-10-21,0.8965141448999306,0.058823529411764705,0.11764705882352941
2019-10-22,0.9881452227385163,0.5,0.1619047619047619
2019-10-23,0.8417397426004947,0.5,0.01904761904761905
2019-10-24,0.8018512875430509,0.125,0.12307692307692308
2019-10-25,0.8015869489841855,0.1,0.1471861471861472
2019-10-27,1.0,1.0,0.0
2019-10-28,0.9287678793182783,1.0,0.16176470588235295
2019-10-29,0.7812550054677996,0.2,0.14705882352941177
2019-10-30,0.7420665909006151,0.0625,0.23333333333333334
2019-10-31,0.8584733208479701,0.5,0.22794117647058823
2019-11-01,0.6363161792738056,0.25,0.15
2019-11-04,0.9419279937211343,0.5,0.15384615384615385
2019-11-05,0.8312033530444346,0.25,0.14166666666666666
2019-11-06,0.6392926349470702,0.16666666666666666,0.16339869281045752
2019-11-07,0.9472855189946703,0.07692307692307693,0.15384615384615385
2019-11-08,0.9956029027045485,0.5,0.1380952380952381
2019-11-10,0.9271280220527018,0.3333333333333333,0.13333333333333333
2019-11-11,0.963028197142426,0.2,0.22058823529411764
2019-11-12,0.8488465221410718,0.5,0.11764705882352941
2019-11-13,0.9645895524715624,1.0,0.11052631578947368
2019-11-14,0.7960910047373172,0.25,0.12648221343873517
2019-11-15,0.7014658047000638,0.16666666666666666,0.16911764705882354
2019-11-18,0.7234210420764638,0.5,0.2
2019-11-19,1.0,1.0,0.0
2019-11-20,0.8223149365015947,0.5,0.044444444444444446
2019-11-21,1.0,1.0,0.0
2019-11-22,0.9482063830714703,0.14285714285714285,0.17647058823529413
2019-11-23,0.9526137279322971,0.07142857142857142,0.26373626373626374
2019-11-24,0.9098052407296101,0.3333333333333333,0.2
2019-11-26,0.960279578827545,1.0,0.24761904761904763
2019-11-27,0.7870862796296035,0.25,0.06593406593406594
2019-11-29,1.0,1.0,0.0
2019-12-03,1.0,0.125,0.0
2019-12-04,1.0,1.0,0.0
2019-12-05,0.6413991646132551,0.3333333333333333,0.2222222222222222
2019-12-09,1.0,0.1111111111111111,0.0
2019-12-10,0.8497826309436476,0.3333333333333333,0.16666666666666666
2019-12-11,0.8631846964887412,0.5,0.16666666666666666
2019-12-16,1.0,0.08333333333333333,0.0
2019-12-18,1.0,0.07692307692307693,0.0
2019-12-20,1.0,0.07142857142857142,0.0
2019-12-24,0.7346262716601429,0.5,0.13333333333333333
2019-12-25,1.0,0.08333333333333333,0.0
2020-01-05,1.0,0.07692307692307693,0.0
2020-01-06,0.8714242253894507,0.5,0.14285714285714285
2020-01-07,1.0,1.0,0.0
2020-01-09,1.0,1.0,0.0
2020-02-10,1.0,0.14285714285714285,0.0
2020-02-12,0.8618067978505819,0.125,0.25
2020-02-18,1.0,1.0,0.0
2020-03-13,1.0,1.0,0.0
2020-03-20,1.0,0.14285714285714285,0.0
2020-04-15,1.0,0.14285714285714285,0.0
2020-04-20,1.0,1.0,0.0
2020-04-28,1.0,1.0,0.0
2020-05-03,1.0,0.125,0.0
2020-05-10,1.0,1.0,0.0
2020-07-05,1.0,1.0,0.0
2020-08-07,1.0,0.2,0.0
2020-08-10,0.9142627511184321,0.5,0.3333333333333333
2020-10-08,0.9065280314885752,0.5,0.4
2020-12-26,0.7076553232957626,0.3333333333333333,0.6666666666666666
2021-02-03,1.0,0.3333333333333333,0.0
2021-03-15,1.0,0.3333333333333333,0.0
2021-03-16,1.0,0.25,0.0
2021-03-24,1.0,0.25,0.0
2021-04-20,1.0,0.3333333333333333,0.0
2021-04-24,1.0,0.25,0.0
2021-05-19,0.8963753390648908,0.5,0.5
2021-08-06,1.0,0.5,0.0
2021-11-14,1.0,1.0,0
2021-11-22,1.0,0.5,0.0
2021-11-28,0.8401498110374593,0.25,0.5
2021-11-29,0.8447122853992027,0.2,0.4
2021-12-02,0.6993555973098006,0.14285714285714285,0.6785714285714286
2021-12-03,0.9651954696014428,0.3333333333333333,0.6666666666666666
2022-01-05,1.0,1.0,0
